feedbackScore,positiveFeedbackPercent,price,returnsAccepted,startDay,soldDay,startHour,soldHour,titleLength,daysToSell
0,0,29.69,1,3,3,16,17,43,0.05990740740740741
5555,100,719.99,1,5,3,15,17,72,82.10708333333334
0,0,29.86,1,3,3,16,17,73,0.027476851851851853
6,100,95,1,3,3,15,17,50,0.0669212962962963
418,100,17,1,2,3,1,17,77,211.66927083333334
0,0,29.88,1,3,3,16,17,66,0.031099537037037037
3,0,60,0,1,3,17,17,65,8.970891203703705
0,0,29.87,1,3,3,16,16,68,0.021215277777777777
299,98.4,33,0,3,3,14,16,47,42.08284722222222
1137,99.7,150,0,1,3,9,16,67,9.320682870370371
2361,99.6,38.99,0,3,3,13,16,78,0.12212962962962963
0,0,29.78,1,3,3,16,16,72,0.028217592592592593
0,0,29.99,1,3,3,15,16,66,0.05060185185185185
299,100,17.77,1,3,3,8,16,73,126.3249537037037
0,0,29.76,1,3,3,15,16,60,0.008344907407407407
1,100,170,1,6,3,21,16,55,17.76703703703704
5818,99.6,49.99,1,0,3,21,16,77,2.793113425925926
21,91.3,25,0,0,3,0,16,61,3.647638888888889
155,100,229.5,0,1,3,21,15,78,1.7494560185185186
0,0,29.69,1,3,3,15,15,80,0.015231481481481481
11,100,225,0,5,3,12,15,38,12.131354166666666
837,100,95,1,1,3,23,15,80,1.6962962962962962
0,0,29.49,1,3,3,15,15,67,0.015243055555555555
1101,100,40,0,3,3,5,15,80,28.433310185185185
31955,98.2,7.99,1,3,3,10,15,80,245.16480324074075
31955,98.2,7.99,1,3,3,10,15,80,245.16480324074075
31955,98.2,7.99,1,3,3,10,15,80,245.16480324074075
31955,98.2,7.99,1,3,3,10,15,80,245.16480324074075
31955,98.2,7.99,1,3,3,10,15,80,245.16480324074075
1414,100,34.99,0,1,3,15,15,67,30
2815,98.7,11.99,1,2,3,14,15,78,330
2815,98.7,17.99,1,2,3,14,15,78,330
2815,98.7,11.99,1,2,3,14,15,78,330
66,100,58,0,2,3,14,15,79,22.02460648148148
32025,99.8,22,1,2,3,7,14,80,1.285613425925926
11024,99.7,34.99,1,1,3,21,14,62,617.6841087962963
3112,99.7,139.95,0,4,3,18,14,80,5.848136574074074
81,94.7,99,0,4,3,20,14,45,5.748298611111111
19300,97,308,1,1,3,18,14,53,162.83292824074073
19300,97,308,1,1,3,18,14,53,162.83292824074073
19596,97,275,1,3,3,0,14,44,126.55606481481482
19387,97,250,1,4,3,21,14,44,12.669444444444444
19596,97,275,1,3,3,0,14,44,126.55606481481482
19387,97,250,1,4,3,21,14,44,12.669444444444444
2003,99,59.99,1,3,3,17,13,74,20.82903935185185
0,0,120,0,3,3,0,13,14,0.5730787037037037
679,99.1,24.99,1,5,3,22,13,70,4.6455671296296295
13,92.9,9.99,1,3,3,8,13,72,14.19369212962963
13,92.9,9.99,1,3,3,8,13,72,14.19369212962963
29,94.4,13.64,1,3,3,17,13,78,62.839375
773,100,69.99,0,2,3,13,13,39,21.975659722222222
860,100,39.99,1,1,3,13,13,79,30
79,100,149.99,0,3,3,5,13,71,0.3411342592592593
67543,99.6,55.96,1,3,3,10,12,26,21.104004629629628
67543,99.6,55.96,1,3,3,10,12,26,21.104004629629628
1175,98,87.95,1,4,3,16,12,36,26.834502314814817
31,91.7,159.98,0,1,3,12,12,39,30
3852,99.5,1.99,0,4,3,15,12,60,26.88476851851852
1,100,19.99,0,2,3,11,12,74,29.03582175925926
1,100,19.99,0,2,3,11,12,74,29.03582175925926
67543,99.6,99.95,1,3,3,11,12,26,357.0348842592593
67543,99.6,54.95,1,3,3,11,12,34,105.02315972222222
67543,99.6,64.97,1,3,3,9,12,28,140.11784722222222
67543,99.6,64.97,1,3,3,9,12,28,140.11784722222222
67543,99.6,124.95,1,4,3,8,12,40,419.13837962962964
67543,99.6,124.95,1,4,3,8,12,40,419.13837962962964
67543,99.6,64.95,1,4,3,3,12,34,251.3407523148148
67543,99.6,64.95,1,4,3,3,12,34,251.3407523148148
67543,99.6,89.51,1,3,3,9,12,33,196.1321412037037
253,100,479,1,6,3,11,12,80,32.03414351851852
237584,99.4,5.53,1,4,3,15,12,74,152.87116898148147
237584,99.4,5.53,1,4,3,15,12,74,152.87116898148147
8,100,86.88,1,5,3,4,12,68,166.33469907407408
8,100,86.88,1,5,3,4,12,68,166.33469907407408
8,100,78.99,1,2,3,1,12,75,169.4277199074074
8,100,78.99,1,2,3,1,12,75,169.4277199074074
8,100,78.99,1,2,3,1,12,75,169.4277199074074
688,100,119.99,1,3,3,14,12,80,1042.8658912037038
14929,99.6,64.95,1,2,3,13,12,45,70.95122685185186
924,99.6,80,1,4,3,16,11,77,152.82909722222223
2,100,39.5,1,4,3,13,11,76,26.937291666666667
489574,99,22.97,1,3,3,18,11,75,13.714652777777777
3583,99.8,309,1,1,3,13,11,80,29.94423611111111
10,100,53.88,1,5,3,6,11,40,138.22730324074075
2200,99.6,395,1,4,3,4,11,73,76.30690972222222
13,100,6.99,1,6,3,11,11,79,18.004108796296297
13,100,1.99,1,6,3,11,11,78,17.98614583333333
13,100,6.99,1,6,3,11,11,79,18.004108796296297
13,100,6.99,1,6,3,11,11,79,18.004108796296297
13,100,6.99,1,6,3,11,11,79,18.004108796296297
13,100,1.99,1,6,3,11,11,78,17.98614583333333
13,100,18.99,1,2,3,10,11,68,1.051099537037037
13,100,18.99,1,2,3,10,11,68,1.051099537037037
324,100,28,0,1,3,18,11,80,1.6933101851851853
20,87.5,38.99,1,3,3,8,11,60,161.0959375
20,87.5,38.99,1,3,3,8,11,60,161.0959375
2200,99.6,395,1,4,3,4,11,73,76.29729166666667
17,100,29.99,1,3,3,9,11,55,0.05393518518518518
583,100,28.81,1,4,3,18,10,79,47.659050925925925
583,100,99.96,1,4,3,18,10,79,47.659050925925925
583,100,29.99,1,4,3,18,10,79,47.659050925925925
7,100,19.99,0,1,3,23,10,61,22.46990740740741
7,100,19.99,0,1,3,23,10,61,22.46990740740741
7,100,19.99,0,1,3,23,10,61,22.46990740740741
7,100,19.99,0,1,3,23,10,61,22.46990740740741
4,100,9.99,0,2,3,0,10,69,22.407511574074075
4,100,9.99,0,2,3,0,10,69,22.407511574074075
239,96.5,115,0,2,3,18,10,78,7.675879629629629
0,98.3,52.04,1,4,3,8,10,79,300.04863425925925
12,100,49.99,1,5,3,14,10,45,235.7865277777778
12,100,49.99,1,5,3,2,10,45,236.2865162037037
12,100,49.99,1,5,3,2,10,45,236.2865162037037
67,98.4,21.93,1,3,3,9,10,71,196.02965277777778
67,98.4,21.93,1,3,3,9,10,71,196.02965277777778
68,98.4,20.13,1,4,3,19,10,52,159.61
68,98.4,20.13,1,4,3,19,10,52,159.61
68,98.4,20.13,1,4,3,19,10,52,159.61
68,98.4,20.13,1,4,3,19,10,52,159.61
248,99.5,62,0,1,3,20,10,78,1.5837847222222223
73,100,40,0,3,3,11,10,33,41.941435185185185
5055,99.5,242.99,1,1,3,10,10,79,30
14,75,186,0,3,3,22,9,65,6.480914351851852
423,100,10,1,2,3,9,9,77,442.02488425925924
1633,100,229.99,0,2,3,20,9,58,0.5261574074074075
58,100,175,0,6,3,18,9,65,3.6167939814814813
471,99.4,65.13,1,0,3,15,9,80,121.7468287037037
471,99.4,71.31,1,0,3,15,9,80,121.7468287037037
363,100,6,0,6,3,12,9,35,416.8575578703704
100537,96,3.89,1,1,3,21,8,80,85.45621527777777
100537,96,3.89,1,1,3,21,8,80,85.45621527777777
296,99.6,27.32,1,0,3,8,8,79,360
296,99.6,36.1,1,0,3,8,8,79,360
194,100,89.95,0,6,3,1,8,52,18.304201388888888
300,99.6,23.66,1,0,3,8,8,73,360
300,99.6,23.66,1,0,3,8,8,73,360
300,99.6,30.24,1,0,3,8,8,73,360
300,99.6,30.24,1,0,3,8,8,73,360
300,99.6,31.42,1,0,3,8,8,79,360
300,99.6,31.42,1,0,3,8,8,79,360
300,99.6,31.42,1,0,3,8,8,79,360
8178,99.9,159,1,0,3,21,8,70,191.4602314814815
6759,100,69.99,1,2,3,14,8,79,7.720787037037037
0,0,155,0,3,3,6,7,44,0.07149305555555556
304,100,294,1,0,3,22,7,69,674.3518055555555
193307,98.9,7.99,1,0,3,21,7,77,541.4100810185186
193307,98.9,8.99,1,0,3,21,7,77,541.4100810185186
193307,98.9,7.99,1,0,3,21,7,77,541.4100810185186
15,100,250,0,6,3,19,7,36,3.520474537037037
124,100,65,0,5,3,21,7,65,18.412037037037038
2,100,95,0,0,3,23,7,69,2.303935185185185
912,98.9,21.79,1,1,3,3,7,78,65.15648148148148
912,98.9,24.29,1,1,3,3,7,78,65.15648148148148
3512,96.3,4.39,1,6,3,3,6,80,39.121319444444445
3512,96.3,4.39,1,6,3,3,6,80,39.121319444444445
3510,96.3,7.29,1,5,3,3,6,80,40.133287037037036
3510,96.3,7.29,1,5,3,3,6,80,40.133287037037036
3510,96.3,7.29,1,5,3,3,6,80,40.133287037037036
3510,96.3,7.29,1,5,3,3,6,80,40.133287037037036
179570,98.6,3.81,1,4,3,12,6,67,103.76650462962964
179570,98.6,3.81,1,4,3,12,6,67,103.76650462962964
179570,98.6,3.81,1,4,3,12,6,67,103.76650462962964
179570,98.6,3.98,1,4,3,12,6,67,103.76650462962964
179570,98.6,3.98,1,4,3,12,6,67,103.76650462962964
81,100,190,0,2,3,3,6,45,1.1198611111111112
11880,98,14.62,1,4,3,3,6,68,118.13128472222222
11880,98,14.73,1,4,3,3,6,68,118.13128472222222
11880,98,14.73,1,4,3,3,6,68,118.13128472222222
11958,98,25.19,1,2,3,3,6,77,155.1170023148148
11958,98,27.89,1,2,3,3,6,77,155.1170023148148
11958,98,27.89,1,2,3,3,6,77,155.1170023148148
119,0,50,0,6,3,13,6,51,206.69168981481482
126,100,16.82,1,1,3,6,6,80,30
126,100,35.4,1,1,3,6,6,79,30
127,100,17.99,1,1,3,6,6,79,30
126,100,17.4,1,1,3,6,6,79,30
126,100,16.82,1,1,3,6,6,80,30
126,100,35.4,1,1,3,6,6,79,30
127,100,17.99,1,1,3,6,6,79,30
127,100,17.99,1,1,3,6,6,79,30
126,100,17.4,1,1,3,6,6,79,30
48,98,218,0,6,3,21,6,67,3.344641203703704
2730,100,75,0,3,3,19,6,79,62.44829861111111
2,100,23.66,0,0,3,17,5,76,9.499895833333333
2,100,23.66,0,0,3,17,5,76,9.499895833333333
2,100,23.66,0,0,3,17,5,76,9.499895833333333
2,100,23.66,0,0,3,17,5,76,9.499895833333333
2,100,23.66,0,0,3,17,5,76,9.499895833333333
2862,100,40,1,0,3,18,5,79,9.454189814814814
12,71.4,45,0,6,3,23,5,80,3.256435185185185
17889,96.4,10.98,1,4,3,8,4,60,33.863368055555554
17889,96.4,10.98,1,4,3,8,4,60,33.863368055555554
17889,96.4,10.98,1,4,3,8,4,60,33.863368055555554
17889,96.4,10.98,1,4,3,8,4,60,33.863368055555554
17889,96.4,10.98,1,4,3,8,4,60,33.863368055555554
84999,100,99,1,1,3,23,4,57,148.2086574074074
1332,100,315,0,1,3,6,4,64,15.919224537037037
38886,99.4,13.98,1,6,3,6,4,73,10.945625
38886,99.4,13.98,1,6,3,6,4,73,10.945625
0,0,29.83,1,2,3,16,4,55,0.48483796296296294
1,0,400,0,4,3,9,4,25,5.786736111111111
137525,98.2,24.95,1,5,3,23,4,80,291.1696064814815
137525,98.2,24.95,1,5,3,23,4,80,291.1696064814815
549,100,53,1,1,3,9,4,74,99.78422453703703
549,100,53,1,1,3,9,4,74,99.78422453703703
127,100,180,0,4,3,10,3,29,5.736666666666666
36532,99.5,35.99,1,5,3,15,3,79,319.4839583333333
43,100,26.6,1,4,3,15,3,80,47.510185185185186
36519,99.5,19.99,1,3,3,15,3,80,139.5116087962963
36532,99.5,29.99,1,3,3,19,3,80,139.34251157407408
29,97.1,34.06,1,1,3,3,3,80,30
797,96.6,29.65,1,1,3,3,3,80,30
797,96.6,29.65,1,1,3,3,3,80,30
10,100,25.5,1,3,3,3,3,67,7
10,100,25.5,1,3,3,3,3,67,7
10,100,25.5,1,3,3,3,3,67,7
10,100,23.5,0,3,3,3,3,71,7
10,100,23.5,0,3,3,3,3,71,7
4862,99.5,27.95,0,3,3,16,3,80,6.460335648148148
83123,96.6,11.99,1,2,3,21,3,75,56.23092592592592
83123,96.6,12.69,1,2,3,21,3,75,56.23092592592592
83123,96.6,12.69,1,2,3,21,3,75,56.23092592592592
83123,96.6,11.99,1,2,3,21,3,75,56.23092592592592
3654,97.4,15.93,1,3,3,18,3,79,76.37685185185185
34562,99.2,32.95,1,2,3,20,3,79,490.2885185185185
34562,99.2,32.95,1,2,3,20,3,79,490.2885185185185
79,100,149.99,0,2,3,20,2,71,0.2525810185185185
36612,99.5,17.99,1,6,3,15,2,76,360.47291666666666
36612,99.5,17.99,1,6,3,15,2,76,360.47291666666666
36612,99.5,17.99,1,6,3,15,2,76,360.47291666666666
56589,98.5,49.95,1,4,3,0,2,67,118.10258101851852
181,98.6,32,1,3,3,5,2,79,41.84488425925926
181,98.6,32,1,3,3,5,2,79,41.84488425925926
115,100,399.99,1,6,3,19,1,67,10.276377314814814
844,100,129,1,0,3,17,1,52,198.34925925925927
69,96.5,6.54,1,0,3,21,1,78,100.18563657407407
65,96.5,27.54,1,6,3,21,1,78,101.14864583333333
238,100,180,1,6,3,22,1,67,10.095092592592593
365,98.5,135,0,3,3,18,0,42,6.241793981481481
26,100,275,0,6,3,14,0,62,73.43618055555555
32801,99.7,32.35,1,2,3,9,0,55,63.643171296296295
170,100,27,0,2,3,10,0,59,28.60103009259259
3014,99.3,41.99,0,0,3,21,0,67,9.128541666666667
74,100,90,0,3,3,9,0,28,13.627523148148148
37,95.1,31.99,1,3,3,13,0,79,48.42429398148148
37,95.1,31.99,1,3,3,13,0,79,48.42429398148148
37,95.1,31.99,1,3,3,13,0,79,48.42429398148148
36,95.1,29.99,1,3,3,13,0,82,48.4328125
36,95.1,29.99,1,3,3,13,0,82,48.4328125
36,95.1,29.99,1,3,3,13,0,82,48.4328125
1,100,149.99,0,0,3,22,0,73,23.05991898148148
858,97.8,21.45,1,1,2,23,23,80,120
858,97.8,21.45,1,1,2,23,23,80,120
858,97.8,22.45,1,1,2,23,23,80,120
942,100,29.95,1,0,2,23,23,71,30
4861,99.5,109.5,1,6,2,11,23,68,10.501782407407408
3112,99.7,229.95,0,4,2,18,23,67,5.205046296296296
10,100,170,0,2,2,12,23,36,0.43008101851851854
862,99.7,40,1,1,2,5,23,54,1.7314814814814814
400,100,208,0,3,2,21,23,52,6.0799768518518515
10533,98.9,19.99,1,3,2,17,23,79,76.22357638888889
10533,98.9,19.99,1,3,2,17,23,79,76.22357638888889
42,94.3,8.81,1,4,2,23,23,80,180
42,94.3,8.81,1,4,2,23,23,80,180
42,94.3,8.81,1,4,2,23,23,80,180
42,94.3,8.81,1,4,2,23,23,80,180
42,94.3,8.81,1,4,2,23,23,80,180
17,100,29.99,1,1,2,9,22,55,1.566701388888889
13460,99.6,7.79,1,0,2,23,22,79,533.9729398148148
1107,100,450,0,3,2,17,22,75,55.229479166666664
82,100,10.29,1,2,2,2,22,78,98.83931712962963
82,100,11.99,1,2,2,2,22,78,98.83931712962963
41,97.6,390,0,4,2,15,22,80,96.27988425925926
43,100,27,0,1,2,19,22,44,1.134236111111111
122450,98.7,11.71,1,1,2,23,22,80,203.9311111111111
222,100,330,0,6,2,12,22,32,3.3920949074074076
26,100,100,1,3,2,22,21,71,5.980659722222223
921,100,89.99,0,2,2,19,21,76,49.08630787037037
61,100,750,0,2,2,23,21,49,27.939722222222223
1621,97.7,23.99,1,2,2,19,21,80,14.094259259259259
21675,95.1,5.39,1,5,2,22,21,80,87.95951388888889
21675,95.1,19.39,1,5,2,22,21,80,87.95951388888889
21675,95.1,4.88,1,5,2,22,21,72,87.95606481481481
21675,95.1,18.88,1,5,2,22,21,72,87.95606481481481
11869,99.6,39.95,1,4,2,22,21,78,1439.9744097222222
11869,99.6,25.95,1,4,2,22,21,79,1439.9515046296297
11882,99.6,39.95,1,6,2,20,21,79,1795.0178125
11882,99.6,14.95,1,6,2,20,21,80,1795.0068055555555
11879,99.6,17.95,1,5,2,1,21,78,1796.7747106481481
11876,99.6,162.95,1,3,2,20,21,80,1798.0090277777779
11876,99.6,152.95,1,3,2,20,21,80,1798.0129976851852
11869,99.6,34.95,1,4,2,8,21,78,1979.563449074074
11874,99.6,24.95,1,1,2,1,21,80,2038.8503703703705
11876,99.6,24.95,1,2,2,0,21,77,2037.8634143518518
11886,99.6,24.95,1,1,2,0,21,80,2038.8630902777777
11870,99.6,7.95,1,0,2,14,21,78,2039.2727430555556
11874,99.6,19.95,1,1,2,0,21,80,2038.8968634259259
11878,99.6,27.95,1,1,2,1,21,78,2066.7891203703703
11881,99.6,14.95,1,0,2,2,21,76,2095.7591666666667
11869,99.6,49.95,1,5,2,1,21,79,1439.8504976851852
11869,99.6,37.95,1,4,2,23,21,80,1439.9247337962963
11881,99.6,27.95,1,0,2,22,21,76,1765.9207291666667
11881,99.6,19.95,1,6,2,14,21,80,1795.2307986111111
11878,99.6,24.95,1,4,2,23,21,79,1796.8569328703704
11878,99.6,17.95,1,4,2,23,21,78,1796.873564814815
11874,99.6,140.4,1,3,2,1,21,80,1798.7798726851852
11869,99.6,127.95,1,2,2,4,21,80,1799.688263888889
11869,99.6,129.95,1,2,2,3,21,80,1799.7144907407408
11869,99.6,129.95,1,2,2,3,21,80,1799.693888888889
11874,99.6,19.95,1,0,2,23,21,77,2038.9001967592592
11893,99.6,19.95,1,3,2,7,21,78,349.5734837962963
11891,99.6,11.95,1,5,2,18,21,79,823.1121875
11886,99.6,19.95,1,3,2,3,21,80,349.7705787037037
11902,99.6,17.95,1,5,2,1,21,79,1432.806863425926
11881,99.6,13.95,1,0,2,2,21,78,2095.768275462963
11881,99.6,11.95,1,0,2,0,21,79,2095.8291319444443
11881,99.6,19.95,1,0,2,0,21,79,2095.818842592593
11882,99.6,35.95,1,4,2,0,21,80,2154.831053240741
11883,99.6,19.95,1,1,2,21,21,78,1519.9830902777778
11884,99.6,9.95,1,4,2,18,21,78,1699.0893171296295
11883,99.6,39.5,1,3,2,23,21,79,1699.895474537037
11905,99.6,7.95,1,1,2,21,21,78,1792.9732291666667
11882,99.6,32.9,1,5,2,16,21,78,2034.2299421296295
11882,99.6,14.95,1,5,2,15,21,80,2034.2525462962963
11882,99.6,9.95,1,5,2,15,21,80,2034.2554513888888
11888,99.6,17.95,1,4,2,13,21,79,2084.2898842592595
11882,99.6,25.95,1,5,2,14,21,79,2034.2757986111112
11883,99.6,14.95,1,4,2,19,21,79,2091.0354513888888
11902,99.6,37.95,1,3,2,7,21,79,349.57313657407406
11883,99.6,23.95,1,3,2,7,21,80,349.573125
11883,99.6,31.95,1,3,2,3,21,79,349.77074074074073
11882,99.6,19.95,1,4,2,23,21,79,1432.8592013888888
11900,99.6,11.95,1,2,2,18,21,79,1694.0918055555555
11889,99.6,19.95,1,2,2,18,21,80,1694.1033217592592
11886,99.6,19.95,1,4,2,0,21,77,1727.8172106481481
11895,99.6,33.95,1,1,2,7,21,80,1842.5755787037037
11893,99.6,49.95,1,1,2,22,21,76,1960.9790625
11882,99.6,9.95,1,3,2,16,21,80,1973.2054976851853
11882,99.6,9.95,1,5,2,16,21,80,2034.1920023148148
11882,99.6,29.95,1,5,2,16,21,80,2034.2160069444444
11889,99.6,29.95,1,0,2,20,21,80,2143.9944791666667
11889,99.6,15.95,1,0,2,20,21,77,2143.9966319444443
11886,99.6,24.99,1,3,2,16,21,77,2148.18162037037
11886,99.6,21.95,1,3,2,16,21,75,2148.1797685185184
11893,99.6,19.95,1,1,2,19,21,76,820.0630902777777
11893,99.6,24.95,1,1,2,19,21,79,820.0630787037037
11893,99.6,15.95,1,1,2,15,21,78,820.2389583333334
11893,99.6,11.95,1,1,2,15,21,80,820.2389236111111
11893,99.6,13.95,1,1,2,15,21,79,820.238912037037
11902,99.6,37.95,1,0,2,23,21,78,1023.8760069444445
11902,99.6,27.95,1,0,2,23,21,79,1023.8759722222222
11899,99.6,29.95,1,2,2,19,21,79,1715.0306944444444
11898,99.6,149.95,1,2,2,22,21,80,1805.9733449074074
11893,99.6,17.95,1,1,2,19,21,80,820.0627777777778
11902,99.6,19.95,1,0,2,23,21,80,1023.8757523148148
11902,99.6,24.95,1,0,2,23,21,80,1023.8757407407408
11893,99.6,19.95,1,0,2,14,21,79,1479.2758796296296
11902,99.6,19.95,1,0,2,23,21,80,1023.8757291666667
11901,99.6,14.95,1,3,2,19,21,76,1504.0687847222223
11905,99.6,17.95,1,1,2,23,21,80,1680.8597800925927
11893,99.6,13.95,1,4,2,17,21,79,1748.115486111111
13616,99.1,7.95,1,2,2,23,21,77,1357.8568171296297
11898,99.6,99.95,1,3,2,2,21,79,1805.7903819444443
11898,99.6,149.95,1,2,2,23,21,80,1805.9153472222222
11893,99.6,29.95,1,1,2,22,21,78,1960.9687152777778
11905,99.6,9.95,1,5,2,15,21,80,2041.2096643518519
11893,99.6,25.95,1,0,2,20,21,80,2018.0399305555557
11893,99.6,7.95,1,0,2,3,21,78,2137.6949537037035
11893,99.6,9.95,1,0,2,3,21,79,2137.6886921296295
11893,99.6,5.95,1,0,2,2,21,76,2137.731458333333
11893,99.6,11.95,1,0,2,2,21,77,2137.7414814814815
11893,99.6,9.95,1,0,2,2,21,79,2137.734421296296
11893,99.6,11.95,1,0,2,2,21,77,2137.743761574074
11893,99.6,15.95,1,0,2,2,21,76,2137.768946759259
13616,99.1,7.95,1,3,2,1,21,79,1357.7903703703703
205,98.8,22,0,3,2,5,21,50,20.63920138888889
199,100,1200,0,5,2,15,21,71,4.235833333333333
22047,99.3,15.59,1,1,2,3,21,80,155.72840277777777
22047,99.3,15.59,1,1,2,3,21,80,155.72840277777777
22047,99.3,15.59,1,1,2,3,21,80,155.72840277777777
16647,99.1,22.99,1,3,2,0,21,76,839.8743402777778
1612,100,99.99,1,6,2,12,20,75,3.339027777777778
386,100,105.95,0,3,2,17,20,75,41.13300925925926
35,100,159,0,5,2,9,20,66,4.433449074074074
10959,99.9,53.95,1,0,2,20,20,73,30
247,100,34.77,1,6,2,11,19,80,66.32440972222223
247,100,34.77,1,6,2,11,19,80,66.32440972222223
0,100,19.66,1,0,2,19,19,80,30
46,100,199,0,1,2,2,19,39,1.7297453703703705
91,100,150,0,1,2,20,19,64,0.9617129629629629
674,100,150,0,6,2,16,19,28,3.1243287037037035
10,100,210,0,5,2,5,19,42,4.605567129629629
30519,99.6,224.9,1,2,2,2,19,39,0.6914236111111111
2796,99.9,200,1,2,2,13,19,52,7.2496527777777775
41,97.7,340,1,1,2,10,19,71,1.3565393518518518
1389,100,225,1,0,2,12,19,71,604.2529745370371
104,99,100,0,0,2,19,19,80,127.98158564814815
106,100,3,0,5,2,22,18,28,24.846759259259258
9,100,105,0,2,2,13,18,31,0.2255787037037037
0,0,29.78,1,2,2,16,18,69,0.1180324074074074
0,0,29.69,1,2,2,15,18,68,0.12810185185185186
682,97.5,29.95,1,2,2,18,18,30,210
682,97.5,29.95,1,2,2,18,18,30,210
677,97.5,60.95,1,2,2,18,18,28,210
58,100,157,0,0,2,0,18,50,2.738136574074074
62,98.5,37.18,1,4,2,10,17,74,89.32710648148148
0,0,29.98,1,2,2,16,17,61,0.037766203703703705
0,0,29.86,1,2,2,16,17,60,0.0408912037037037
0,0,29.88,1,2,2,16,17,65,0.04729166666666667
0,0,29.87,1,2,2,16,17,64,0.050798611111111114
0,0,29.96,1,2,2,15,17,66,0.07322916666666666
282,100,69.99,0,1,2,10,17,66,99.27233796296296
703,97.5,60.95,1,2,2,17,17,26,210
703,97.5,60.95,1,2,2,17,17,26,210
126,97.5,23.99,0,6,2,17,17,66,37.99854166666667
0,0,29.97,0,2,2,15,17,75,0.06636574074074074
1777,99.8,36.17,1,6,2,18,17,78,114.95753472222222
22476,98,248,0,2,2,2,16,41,0.6003240740740741
0,0,29.97,1,2,2,15,16,61,0.03144675925925926
17127,99.8,64.99,1,6,2,11,16,44,52.20931712962963
2,100,150,0,3,2,7,16,63,13.368576388888888
5818,99.6,33.81,1,0,2,16,16,73,30
5818,99.6,33.81,1,0,2,16,16,73,30
0,0,29.69,1,2,2,15,16,57,0.03497685185185185
71,100,45,1,2,2,23,16,79,48.695289351851855
78318,99.2,50,0,3,2,9,16,78,209.29074074074074
0,0,29.83,0,2,2,15,16,66,0.023680555555555555
0,0,29.99,1,2,2,15,16,69,0.030428240740740742
62669,99.5,16.69,1,5,2,18,16,74,227.8651851851852
3591,100,29.99,1,6,2,22,16,37,233.67001157407407
0,0,29.69,1,2,2,15,15,72,0.023113425925925926
0,0,29.49,1,2,2,15,15,57,0.026284722222222223
13,95,115,1,1,2,15,15,35,1.005300925925926
9,100,27,0,2,2,15,15,80,13.986145833333333
5,100,200.01,0,4,2,12,15,68,19.135092592592592
0,0,29.76,1,2,2,15,15,34,0.006863425925925926
210334,99,10.2,1,6,2,4,15,76,115.46783564814815
210334,99,10.2,1,6,2,4,15,76,115.46783564814815
210334,99,10.2,1,6,2,4,15,76,115.46783564814815
210334,99,10.2,1,6,2,4,15,76,115.46783564814815
210334,99,10.2,1,6,2,4,15,76,115.46783564814815
87,94.7,43,0,2,2,17,15,25,76.89998842592593
3119,100,45,1,2,2,21,15,79,6.731840277777778
32,100,50,1,4,2,8,15,47,19.276747685185185
667,100,37,1,2,2,16,15,68,6.921782407407408
26727,99.9,52,0,5,2,13,14,77,53.064930555555556
12,100,175,0,2,2,7,14,76,0.3037037037037037
41,100,125,1,2,2,13,14,35,0.04795138888888889
1424,100,379,1,5,2,11,14,61,4.115983796296296
944,96.5,39.99,0,6,2,14,14,79,3.0000810185185185
58,100,115,0,1,2,17,14,30,0.8507638888888889
0,100,130,0,5,2,17,13,47,10.870601851851852
89,100,62,0,5,2,18,13,77,10.829606481481482
21891,96.9,126.69,1,5,2,17,13,36,3.860324074074074
95,97.3,115,0,5,2,15,13,38,3.9121064814814814
94,100,115,0,5,2,18,13,41,10.793009259259259
55,97.1,125.99,0,0,2,11,13,70,9.09869212962963
1526,97.8,89.99,0,0,2,20,13,55,15.710555555555555
41,100,125,1,1,2,18,13,35,0.7689351851851852
95,100,130,0,2,2,16,13,38,41.85256944444444
175,100,59.95,1,2,2,10,12,50,28.102280092592594
8,100,250,0,1,2,23,12,46,0.5338425925925926
242,100,48,0,1,2,19,12,44,0.6990625
3209,98.4,83.95,1,0,2,15,12,74,785.8722685185185
3208,98.4,146,1,0,2,17,12,77,785.8094328703704
2119,99.7,198,0,0,2,12,12,80,30
1094,100,49,1,6,2,20,12,79,16.66775462962963
3212,98.4,116.95,1,0,2,15,12,68,785.8644097222223
3208,98.4,100,1,0,2,17,12,79,785.7839467592593
3208,98.4,150,1,0,2,16,12,78,785.846087962963
3212,98.4,66.95,1,0,2,15,12,56,785.8613310185185
3,75,25,1,3,2,11,12,78,13.039027777777777
3208,98.4,358,1,0,2,17,12,76,785.7817824074074
3208,98.4,360,1,0,2,16,12,76,785.8399074074074
3208,98.4,329.98,1,0,2,15,12,76,785.8553009259259
3208,98.4,457.06,1,0,2,15,12,53,785.8497337962963
3208,98.4,129.98,1,0,2,15,12,66,785.8463541666666
85,100,39.99,1,2,2,12,12,74,7
4,100,29.99,0,0,2,12,12,77,29.999305555555555
63753,99.5,29.89,1,4,2,16,11,77,235.74280092592593
489810,99,175.97,1,5,2,21,11,74,10.583472222222222
504,99.1,33.74,1,0,2,20,11,78,29.63082175925926
47,100,95.4,1,0,2,11,11,73,30
19061,97,18,0,4,2,21,11,63,46.59851851851852
19061,97,18,0,4,2,21,11,63,46.59851851851852
18294,97,55,1,5,2,12,11,52,178.96297453703704
18294,97,55,1,5,2,12,11,52,178.96297453703704
19486,97,50,1,1,2,21,11,26,217.53098379629628
19486,97,50,1,1,2,21,11,26,217.53098379629628
19441,97,100,1,0,2,21,11,34,218.55871527777776
19441,97,100,1,0,2,21,11,34,218.55871527777776
19598,97,27.99,1,0,2,7,11,59,65.18640046296296
19598,97,27.99,1,0,2,7,11,59,65.18640046296296
18920,97,79.95,1,4,2,18,11,24,228.6656712962963
18277,97,32,0,4,2,7,11,29,89.18608796296296
18920,97,79.95,1,4,2,18,11,24,228.6656712962963
18277,97,32,0,4,2,7,11,29,89.18608796296296
8,100,23.15,1,4,2,23,11,71,4.500011574074074
8,100,23.15,1,4,2,11,11,71,5
8,100,23.15,1,4,2,11,11,71,5
2087,99.8,985.5,1,3,2,15,11,74,327.7691898148148
37,97.4,16.8,1,0,2,11,11,78,30
37,97.4,16.8,1,0,2,11,11,78,30
44042,99.8,26.95,1,3,2,0,10,56,69.43309027777778
7482,99.8,12.77,1,6,2,18,10,71,2.668888888888889
7,100,160,0,5,2,17,10,74,59.704675925925926
20,100,80,1,2,2,10,10,52,0.02091435185185185
20,100,80,1,2,2,10,10,72,0.020474537037037038
41,97.7,350,1,1,2,11,10,74,0.958738425925926
4662,99.3,108,1,3,2,0,10,80,13.416284722222223
18514,97,124,0,2,2,18,10,45,27.694664351851852
18514,97,124,0,2,2,18,10,45,27.694664351851852
18928,97,218,0,2,2,20,10,45,48.5727662037037
18928,97,218,0,2,2,20,10,45,48.5727662037037
14,0,350,0,2,2,16,10,77,27.737546296296298
243441,98.5,6.94,1,3,2,8,10,71,20.088622685185186
19585,97,86.8,0,5,2,18,10,58,185.6484722222222
19585,97,86.8,0,5,2,18,10,58,185.6484722222222
4782,100,689,1,2,2,11,10,80,83.95001157407407
4782,100,689,1,2,2,11,10,80,83.95001157407407
9954,99.3,72.98,1,4,2,8,10,32,733.091087962963
9954,99.3,84.49,1,4,2,8,10,28,733.0910648148148
255,100,180,1,3,2,20,10,28,19.577638888888888
2019,100,38,1,0,2,21,10,67,29.517766203703705
16,100,19.99,1,3,2,10,9,77,68.98395833333333
1519,99.6,180,1,3,2,16,9,78,236.68430555555557
64,92.2,8.99,1,3,2,2,9,80,34.29019675925926
64,92.2,30.49,1,3,2,2,9,80,34.29019675925926
64,92.2,12.47,1,3,2,2,9,78,34.285636574074076
64,92.2,12.47,1,3,2,2,9,78,34.285636574074076
64,92.2,4.47,1,3,2,2,9,79,34.272395833333334
64,92.2,4.47,1,3,2,2,9,79,34.272395833333334
18848,99.5,119.9,1,3,2,9,9,67,61.982071759259256
51851,98.4,79.2,1,0,2,21,8,39,197.47877314814815
38,100,199,0,1,2,16,8,36,0.6837847222222222
122,100,110,0,0,2,21,8,29,22.44988425925926
16645,99.2,18.98,1,5,2,18,8,75,311.54246527777775
31900,99.8,25,1,0,2,12,7,80,29.82409722222222
91,100,20.09,1,3,2,0,7,79,97.29140046296297
385,100,230,0,0,2,14,7,60,57.725081018518516
11,100,6.54,1,1,2,23,6,77,105.32173611111111
11,100,6.54,1,1,2,23,6,77,105.32173611111111
11,100,6.54,1,1,2,23,6,77,105.32173611111111
11,100,6.54,1,1,2,23,6,77,105.32173611111111
11,100,6.54,1,1,2,23,6,77,105.32173611111111
354,98.4,6.29,1,4,2,3,6,79,47.156909722222224
354,98.4,7.99,1,4,2,3,6,79,47.156909722222224
354,98.4,6.29,1,4,2,3,6,79,47.156909722222224
354,98.4,7.99,1,4,2,3,6,79,47.156909722222224
351,98.4,6.99,1,4,2,22,6,78,46.33756944444445
351,98.4,6.99,1,4,2,22,6,78,46.33756944444445
351,98.4,6.99,1,4,2,22,6,78,46.33756944444445
351,98.4,6.99,1,4,2,22,6,78,46.33756944444445
351,98.4,6.99,1,4,2,22,6,78,46.33756944444445
354,98.4,5.99,1,3,2,2,6,78,41.165358796296296
354,98.4,5.99,1,3,2,2,6,78,41.165358796296296
319,98.4,9.29,1,3,2,3,6,77,41.14686342592593
319,98.4,9.29,1,3,2,3,6,77,41.14686342592593
319,98.4,9.29,1,3,2,3,6,77,41.14686342592593
319,98.4,9.29,1,3,2,3,6,77,41.14686342592593
312,98.4,8.99,1,3,2,3,6,74,41.141030092592594
312,98.4,8.99,1,3,2,3,6,74,41.141030092592594
312,98.4,9.99,1,3,2,3,6,74,41.141030092592594
312,98.4,9.99,1,3,2,3,6,74,41.141030092592594
312,98.4,9.99,1,3,2,3,6,74,41.141030092592594
312,98.4,8.99,1,3,2,3,6,74,41.141030092592594
315,98.4,9.99,1,4,2,4,6,77,40.10793981481481
315,98.4,9.99,1,4,2,4,6,77,40.10793981481481
315,98.4,9.99,1,4,2,4,6,77,40.10793981481481
315,98.4,9.99,1,4,2,4,6,77,40.10793981481481
353,98.4,5.99,1,5,2,3,6,79,39.125347222222224
353,98.4,5.99,1,5,2,3,6,79,39.125347222222224
353,98.4,5.99,1,5,2,3,6,79,39.125347222222224
353,98.4,5.99,1,5,2,3,6,79,39.125347222222224
12902,98.4,13.99,1,3,2,21,6,76,173.35479166666667
12902,98.4,13.99,1,3,2,21,6,76,173.35479166666667
12902,98.4,13.99,1,3,2,21,6,76,173.35479166666667
12902,98.4,13.99,1,3,2,21,6,76,173.35479166666667
237344,99.4,27.66,1,2,2,23,6,68,573.2750694444444
16303,98.4,4.15,1,4,2,4,6,76,166.05577546296297
16303,98.4,4.29,1,4,2,4,6,76,166.05577546296297
237143,99.4,27.66,1,5,2,15,5,69,402.5878472222222
237143,99.4,27.66,1,5,2,15,5,69,402.5878472222222
56,98.5,28.99,1,1,2,2,4,80,71.08427083333333
1339,98.4,27.99,1,4,2,5,4,77,718.9541898148149
1339,98.4,27.99,1,4,2,5,4,77,718.9541898148149
1339,98.4,27.99,1,4,2,5,4,77,718.9541898148149
11621,99.1,60.76,1,0,2,10,4,78,288.71430555555554
38,100,59.99,1,6,2,5,4,77,2.945972222222222
2200,99.6,476,1,1,2,12,4,74,105.64913194444445
287,96.6,44.91,1,3,2,23,4,79,5.204884259259259
1087,98.7,29.98,1,2,2,16,4,76,510.4774074074074
47159,98.8,22.88,1,2,2,7,3,78,104.86361111111111
10547,99.9,69.95,1,3,2,23,3,70,159.17395833333333
10547,99.9,69.95,1,3,2,23,3,70,159.17395833333333
13954,98.7,7.99,1,6,2,13,3,77,590.5536226851851
1216,100,179,1,5,2,14,3,51,10.558078703703703
148,98.7,6.99,1,2,2,3,3,80,210
148,98.7,6.99,1,2,2,3,3,80,210
148,98.7,6.99,1,2,2,3,3,80,210
148,98.7,6.99,1,2,2,3,3,80,210
1437,98.6,7.69,1,1,2,3,3,80,175.9838773148148
1437,98.6,7.69,1,1,2,3,3,80,175.9838773148148
763810,98,18.49,1,1,2,6,3,80,49.86451388888889
763810,98,18.49,1,1,2,6,3,80,49.86451388888889
507394,99.3,7.99,1,5,2,21,3,77,1648.2439583333332
507394,99.3,7.99,1,5,2,21,3,77,1648.2439583333332
507394,99.3,7.99,1,5,2,21,3,77,1648.2439583333332
507394,99.3,7.99,1,5,2,21,3,77,1648.2439583333332
507394,99.3,7.99,1,5,2,21,3,77,1648.2439583333332
507394,99.3,7.99,1,5,2,21,3,77,1648.2439583333332
507394,99.3,7.99,1,5,2,21,3,77,1648.2439583333332
6882,99.2,25,1,4,2,23,2,79,774.1633912037037
401,96.3,15.99,1,6,2,6,2,55,219.80890046296295
401,96.3,15.99,1,6,2,6,2,55,219.80890046296295
15745,99,19.74,1,3,2,7,2,77,572.8174537037037
24,100,150,1,1,2,21,2,24,0.22921296296296295
3436,100,149.99,1,4,2,14,2,66,18.51425925925926
7,100,130,0,3,2,6,2,79,40.84621527777778
4980,99.4,36.99,1,5,2,0,2,70,179.06826388888888
4980,99.4,36.99,1,5,2,0,2,70,179.06826388888888
4980,99.4,36.99,1,5,2,0,2,70,179.06826388888888
4980,99.4,36.99,1,5,2,0,2,70,179.06826388888888
28927,99.5,73.52,1,0,2,18,2,77,141.35197916666667
56589,98.5,112.95,1,5,2,23,2,45,178.11222222222221
56589,98.5,112.95,1,5,2,23,2,45,178.11222222222221
56589,98.5,119.95,1,5,2,23,2,45,178.11222222222221
1011,99.6,34.5,1,1,2,21,2,78,70.19902777777777
509,98.9,29.99,1,2,2,5,2,68,83.84697916666667
92,100,120,0,6,2,23,2,66,2.1301157407407407
570,99.5,28.74,1,5,2,20,2,8,171.2160648148148
620,99.8,32.19,1,1,2,12,2,65,315.538275462963
620,99.8,30.25,1,5,2,12,1,80,101.55387731481481
8,100,70,0,5,2,13,1,31,143.5177199074074
8,100,70,0,5,2,13,1,31,143.5177199074074
112,96.7,57.8,1,5,2,0,1,79,179.06471064814815
37540,98.1,9.82,1,4,2,3,1,80,333.8754513888889
37540,98.1,9.82,1,4,2,3,1,80,333.8754513888889
37540,98.1,9.82,1,4,2,3,1,80,333.8754513888889
37540,98.1,9.82,1,4,2,3,1,80,333.8754513888889
37540,98.1,9.82,1,4,2,3,1,80,333.8754513888889
112,96.7,57.8,1,5,2,0,1,71,179.0631712962963
112,96.7,75.88,1,5,2,0,1,74,179.06195601851852
112,96.7,57.82,1,5,2,0,1,80,179.0615162037037
112,96.7,69.85,1,5,2,0,1,76,179.0613888888889
112,96.7,67.84,1,5,2,0,1,61,179.06076388888889
112,96.7,61.82,1,5,2,0,1,73,179.06112268518518
112,96.7,67.83,1,2,2,18,1,71,160.2917476851852
127,97.6,57.76,1,5,2,3,1,78,52.895821759259256
123,97.6,57.25,1,5,2,7,1,77,52.74988425925926
144,97.6,21.94,1,5,2,7,1,70,52.755509259259256
144,97.6,24.56,1,5,2,5,1,79,52.802511574074074
1,100,90,0,0,2,20,1,31,1.176875
3,100,24.99,0,6,2,23,1,76,2.055162037037037
3,100,24.99,0,6,2,23,1,76,2.055162037037037
3,100,24.99,0,6,2,23,1,76,2.055162037037037
69972,99.1,4.51,1,1,2,22,1,80,630.0469791666667
69972,99.1,4.9,1,1,2,22,1,80,630.0469791666667
69972,99.1,4.9,1,1,2,22,1,80,630.0469791666667
69972,99.1,4.9,1,1,2,22,1,80,630.0469791666667
20,100,67.99,1,4,2,13,0,77,18.465972222222224
20,100,67.99,1,4,2,13,0,77,18.465972222222224
19,100,38.99,1,4,2,15,0,77,53.381087962962965
19,100,38.99,1,4,2,15,0,77,53.381087962962965
19,100,38.99,1,4,2,15,0,77,53.381087962962965
669,100,258,0,2,2,11,0,32,97.56081018518519
17,100,14.99,1,6,2,7,0,80,9.698518518518519
0,0,29.33,1,1,1,16,23,40,0.2972337962962963
0,0,535.58,0,1,1,18,23,37,0.2153125
12912,98.4,11.71,1,2,1,22,23,80,153.06009259259258
12912,98.4,18.99,1,2,1,22,23,80,153.06009259259258
0,0,29.69,1,1,1,15,23,60,0.31194444444444447
0,0,28.99,1,1,1,17,23,62,0.24618055555555557
1288,100,333.33,0,5,1,6,23,63,24.71150462962963
376,99.4,62.92,1,1,1,20,23,59,21.117141203703703
1230,100,300,0,1,1,14,22,77,21.353993055555556
0,0,29.33,0,1,1,16,22,58,0.28077546296296296
0,0,29.97,0,1,1,15,22,67,0.2836689814814815
8625,99.2,61.74,1,3,1,9,22,73,390.53483796296297
8625,99.2,61.74,1,3,1,9,22,73,390.53483796296297
830,100,37.95,1,5,1,22,22,75,10
137268,99.1,30,1,1,1,23,22,79,6.965706018518518
134708,99.1,18.99,1,0,1,11,22,74,29.45224537037037
3108,98.9,174.95,1,1,1,22,22,80,210
419,99.3,18.8,1,2,1,21,22,78,313.9781018518519
416,99.3,18.8,1,5,1,7,22,77,143.60199074074075
416,99.3,20.8,1,5,1,7,22,77,143.60199074074075
422,99.3,25.45,1,1,1,0,22,79,98.90734953703704
422,99.3,27.79,1,1,1,0,22,79,98.90734953703704
416,99.3,11.89,1,3,1,0,22,77,145.87881944444445
416,99.3,11.89,1,3,1,0,22,77,145.87881944444445
420,99.3,17.8,1,1,1,7,22,79,252.54497685185186
422,99.3,19.95,1,5,1,15,21,79,129.2576388888889
422,99.3,19.95,1,5,1,15,21,79,129.2576388888889
3104,98.9,23.63,1,1,1,21,21,79,210
427,99.3,3.45,1,6,1,11,21,80,212.41292824074074
427,99.3,3.45,1,6,1,11,21,80,212.41292824074074
427,99.3,3.45,1,6,1,11,21,80,212.41292824074074
427,99.3,3.45,1,6,1,11,21,80,212.41292824074074
427,99.3,3.45,1,6,1,11,21,80,212.41292824074074
427,99.3,3.45,1,6,1,11,21,80,212.41292824074074
427,99.3,3.45,1,6,1,11,21,80,212.41292824074074
423,99.3,3.45,1,2,1,15,21,78,398.2820601851852
423,99.3,3.45,1,2,1,15,21,78,398.2820601851852
423,99.3,3.45,1,2,1,15,21,78,398.2820601851852
423,99.3,3.45,1,2,1,15,21,78,398.2820601851852
416,99.3,23.9,1,4,1,15,21,79,109.28626157407408
416,99.3,24.9,1,4,1,15,21,79,109.28626157407408
418,99.3,14.75,1,5,1,12,21,78,374.3744212962963
418,99.3,14.75,1,5,1,12,21,78,374.3744212962963
23347,97.9,5.99,1,3,1,18,21,78,103.15386574074074
23347,97.9,5.99,1,3,1,18,21,78,103.15386574074074
416,99.3,14.52,1,2,1,22,21,80,82.95994212962962
416,99.3,14.52,1,2,1,22,21,80,82.95994212962962
416,99.3,19.97,1,4,1,2,21,78,144.81655092592592
416,99.3,28.79,1,4,1,2,21,78,144.81655092592592
416,99.3,33.79,1,4,1,2,21,78,144.81655092592592
416,99.3,15.8,1,1,1,3,21,77,357.7853935185185
416,99.3,15.8,1,1,1,3,21,77,357.7853935185185
416,99.3,15.8,1,1,1,3,21,77,357.7853935185185
416,99.3,19.75,1,6,1,3,21,79,149.75516203703702
416,99.3,19.75,1,6,1,3,21,79,149.75516203703702
416,99.3,20.8,1,6,1,23,21,80,22.911585648148147
416,99.3,20.8,1,6,1,23,21,80,22.911585648148147
416,99.3,10.79,1,0,1,3,21,79,148.7658449074074
416,99.3,10.79,1,0,1,3,21,79,148.7658449074074
425,99.3,7.49,1,5,1,7,21,77,304.5737731481481
425,99.3,7.49,1,5,1,7,21,77,304.5737731481481
425,99.3,7.49,1,5,1,7,21,77,304.5737731481481
425,99.3,7.49,1,5,1,7,21,77,304.5737731481481
425,99.3,7.49,1,5,1,7,21,77,304.5737731481481
427,99.3,25.85,1,5,1,0,21,79,122.88637731481481
427,99.3,33.85,1,5,1,0,21,79,122.88637731481481
420,99.3,4.99,1,3,1,8,21,79,131.56170138888888
420,99.3,4.99,1,3,1,8,21,79,131.56170138888888
427,99.3,4.79,1,6,1,15,21,78,212.2197800925926
427,99.3,4.79,1,6,1,15,21,78,212.2197800925926
427,99.3,4.79,1,6,1,15,21,78,212.2197800925926
427,99.3,4.79,1,6,1,15,21,78,212.2197800925926
313,100,27.75,1,3,1,16,21,75,5.21505787037037
416,99.3,12.79,1,2,1,20,21,79,384.0619212962963
425,99.3,4.49,1,6,1,0,21,78,184.88835648148148
425,99.3,4.49,1,6,1,0,21,78,184.88835648148148
425,99.3,4.49,1,6,1,0,21,78,184.88835648148148
425,99.3,4.49,1,6,1,0,21,78,184.88835648148148
425,99.3,4.49,1,6,1,0,21,78,184.88835648148148
425,99.3,4.49,1,6,1,0,21,78,184.88835648148148
425,99.3,4.49,1,6,1,0,21,78,184.88835648148148
416,99.3,14.8,1,0,1,5,21,79,148.68122685185185
416,99.3,14.8,1,0,1,5,21,79,148.68122685185185
6881,99.2,52.99,1,0,1,22,21,80,329.9343171296296
442,97.8,19.99,1,2,1,23,21,21,68.93991898148148
442,97.8,19.99,1,2,1,23,21,21,68.93991898148148
5,100,18.99,1,5,1,23,21,21,30.940578703703704
5,100,18.99,1,5,1,23,21,21,30.940578703703704
108,99.1,30.99,1,3,1,23,21,79,81.93246527777778
108,99.1,30.99,1,3,1,23,21,79,81.93246527777778
108,99.1,36.99,1,3,1,23,21,79,81.93246527777778
21675,95.1,6.99,1,3,1,20,21,80,82.02665509259259
21675,95.1,15.99,1,3,1,20,21,80,82.02665509259259
21675,95.1,6.99,1,3,1,20,21,80,82.02665509259259
21675,95.1,6.99,1,3,1,21,21,79,82.02630787037037
21675,95.1,9.99,1,3,1,21,21,79,82.02630787037037
21675,95.1,9.99,1,3,1,21,21,79,82.02630787037037
21675,95.1,6.99,1,3,1,21,21,79,82.02630787037037
21675,95.1,3.99,1,3,1,21,21,78,82.0247337962963
21675,95.1,12.99,1,3,1,21,21,78,82.0247337962963
21675,95.1,12.99,1,3,1,21,21,78,82.0247337962963
21675,95.1,3.58,1,5,1,20,21,80,87.02563657407407
21675,95.1,6.58,1,5,1,20,21,80,87.02563657407407
21675,95.1,3.69,1,5,1,20,21,80,87.02577546296297
21675,95.1,6.69,1,5,1,20,21,80,87.02577546296297
137622,99.1,15,1,5,1,23,21,78,23.927662037037038
850,99.2,100,1,3,1,19,21,38,5.094328703703703
7087,100,500,1,5,1,6,21,64,87.60986111111112
850,99,36.9,1,2,1,21,21,78,642.9436689814814
850,99,36.9,1,2,1,21,21,78,642.9436689814814
850,99,36.9,1,2,1,21,21,78,642.9436689814814
854,99,35.99,1,2,1,23,21,77,481.8881712962963
245,100,4.99,1,0,1,11,21,78,22.41935185185185
245,100,4.99,1,0,1,11,21,78,22.41935185185185
807,99.2,48,1,1,1,20,21,71,0.01769675925925926
14,100,200,0,1,1,15,21,28,7.24761574074074
0,0,85,0,1,1,3,21,58,0.7198263888888888
67,100,132.99,0,4,1,21,21,78,11.000949074074073
27,96.6,285.99,1,1,1,10,21,65,0.45840277777777777
230,99,75,0,0,1,23,20,79,7.900462962962963
21675,95.1,5.99,1,4,1,20,20,80,87.99869212962963
21675,95.1,18.15,1,4,1,20,20,80,87.99869212962963
21675,95.1,5.59,1,3,1,20,20,80,89.00359953703703
21675,95.1,21.42,1,3,1,20,20,80,89.00359953703703
21675,95.1,4.99,1,4,1,21,20,78,87.99075231481481
21675,95.1,18.99,1,4,1,21,20,78,87.99075231481481
17,100,147,0,5,1,1,20,45,171.81814814814814
21675,95.1,13.99,1,3,1,20,20,73,88.99729166666667
21675,95.1,13.99,1,3,1,20,20,73,88.99729166666667
21675,95.1,16.99,1,3,1,20,20,73,88.99729166666667
21675,95.1,13.99,1,3,1,20,20,73,88.99729166666667
21675,95.1,16.99,1,3,1,20,20,73,88.99729166666667
21675,95.1,4.99,1,4,1,21,20,80,87.98224537037036
21675,95.1,16.99,1,4,1,21,20,80,87.98224537037036
21675,95.1,16.29,1,4,1,21,20,80,87.98224537037036
21675,95.1,16.29,1,4,1,21,20,80,87.98224537037036
182,100,33.5,0,3,1,21,20,78,18.9678125
22485,98,24.56,1,5,1,11,20,78,87.40377314814815
63718,99.5,121.29,1,4,1,10,20,39,249.38982638888888
5,100,80,1,5,1,13,20,24,3.274386574074074
29,100,11.91,1,2,1,7,20,76,41.5384837962963
7066,99.4,89.3,1,3,1,20,20,55,417.9702314814815
63707,99.5,22.49,1,4,1,4,20,74,235.60876157407407
141,100,205,0,3,1,17,20,35,54.113310185185185
792,100,225.95,0,6,1,8,20,75,2.469340277777778
0,0,19.99,1,1,1,8,20,54,0.4787384259259259
63702,99.5,67.09,1,3,1,11,19,39,250.2917013888889
78,100,149.99,0,1,1,2,19,69,0.7021527777777777
154,100,200,0,4,1,10,19,35,4.364016203703704
78,100,149.99,0,0,1,15,19,71,1.1545486111111112
43979,99.8,99.99,1,3,1,0,19,65,292.7460300925926
357,100,22,0,0,1,20,19,73,28.95513888888889
63693,99.5,27.99,1,3,1,12,19,21,250.23047453703703
41,100,125,1,1,1,18,18,35,0.019791666666666666
2640,100,99,1,2,1,6,18,80,97.5333912037037
1021,100,99.99,1,4,1,21,18,61,24.879722222222224
273,99.6,160,1,0,1,15,18,78,15.118344907407407
0,0,29.98,1,1,1,16,18,74,0.06997685185185185
63680,99.5,28.79,1,3,1,11,18,73,250.24145833333333
41,100,110,1,1,1,16,18,36,0.0583912037037037
101100,97.9,39.99,1,6,1,18,18,28,22.99326388888889
101100,97.9,39.99,1,6,1,18,18,28,22.99326388888889
775,99.7,29.79,0,2,1,12,18,48,97.21412037037037
0,0,29.69,1,1,1,15,18,71,0.09805555555555556
0,0,29.86,1,1,1,16,17,61,0.047997685185185185
361,100,39,1,1,1,16,17,72,7.051770833333333
2234,99.7,80,0,1,1,10,17,61,0.2966087962962963
6,100,36.99,1,3,1,17,17,58,32.98197916666667
6,100,36.99,1,3,1,17,17,58,32.98197916666667
57,100,25,0,0,1,15,17,75,29.059525462962963
0,0,29.88,1,1,1,16,17,64,0.03229166666666667
658,100,15,0,3,1,15,17,55,12.084976851851852
41,100,115,1,1,1,14,16,36,0.11583333333333333
0,0,29.87,1,1,1,15,16,65,0.04376157407407407
1588,99.4,17.85,1,5,1,4,16,80,143.48230324074075
1588,99.4,17.85,1,5,1,4,16,80,143.48230324074075
137,100,10.4,0,4,1,20,16,28,3.841111111111111
0,0,29.78,1,1,1,15,16,73,0.033229166666666664
0,0,29.96,1,1,1,15,16,69,0.03822916666666667
200,100,9,1,0,1,11,16,79,29.185949074074074
0,0,29.49,1,1,1,15,16,69,0.03685185185185185
4853,98.1,14.25,1,4,1,14,16,80,613.0474768518518
4853,98.1,14.25,1,4,1,14,16,80,613.0474768518518
4853,98.1,56.52,1,5,1,7,16,80,507.3416203703704
4853,98.1,56.52,1,5,1,7,16,80,507.3416203703704
105,100,110,0,5,1,16,16,54,23.997291666666666
0,0,29.49,1,1,1,15,15,57,0.015370370370370371
23,100,1000,0,1,1,22,15,78,13.717847222222222
0,0,29.69,1,1,1,15,15,71,0.02295138888888889
0,0,29.99,1,1,1,15,15,70,0.01923611111111111
8804,99.8,1599,1,0,1,19,15,75,266.78047453703704
5548,100,1159.99,1,0,1,12,15,79,8.104780092592593
1286,100,250,1,0,1,11,14,53,246.0885300925926
588,98.8,41.98,1,0,1,19,14,79,329.7821875
588,98.8,10.98,1,4,1,1,14,79,389.56748842592594
27,100,105,0,4,1,14,14,32,32.03472222222222
6367,99.1,29.99,0,5,1,1,14,74,3.5571296296296295
89,90.9,18.99,1,1,1,4,14,79,21.400358796296295
316,100,200,0,6,1,14,14,64,36.99496527777778
595,98.8,99.98,1,2,1,9,14,80,391.2090972222222
41,100,125,1,1,1,4,14,36,0.40792824074074074
2720,99.7,24.27,1,3,1,16,13,79,459.889375
2721,99.7,31.85,1,6,1,8,13,77,464.2189814814815
79943,97.1,9.99,1,0,1,22,13,80,49.62148148148148
78,100,149.99,0,6,1,0,13,75,2.5689814814814813
39,100,53,0,2,1,21,13,66,26.648078703703703
0,0,225,0,1,1,8,13,30,0.21015046296296297
49296,99.4,23.76,1,5,1,10,13,49,59.11663194444444
2634,100,139,1,5,1,4,12,64,10.358402777777778
7994,99.8,21.99,1,1,1,20,12,73,6.682777777777778
32254,99.8,48.9,1,2,1,22,12,37,61.608969907407406
345,100,70,0,6,1,10,12,51,9.102627314814814
105,100,170,0,6,1,4,12,42,2.3560300925925928
2109,99.3,20,0,3,1,6,12,49,33.2512037037037
21,100,120,0,2,1,17,12,79,40.80269675925926
63,100,18.99,1,6,1,1,12,80,2.4555671296296295
63,100,18.99,1,6,1,1,12,80,2.4555671296296295
53,100,22,1,1,1,8,12,79,56.17579861111111
53,100,24,1,1,1,8,12,79,56.17579861111111
53,100,230,0,4,1,20,12,39,213.61703703703705
595139,98,39.4,1,3,1,4,11,79,299.26189814814813
595139,98,39.4,1,3,1,4,11,79,299.26189814814813
595139,98,39.4,1,3,1,4,11,79,299.26189814814813
308,98.6,875,0,3,1,10,11,55,26.053935185185185
691,100,50,0,0,1,12,11,28,0.9723958333333333
1475,100,44,1,1,1,10,11,77,0.055462962962962964
2907,99.5,10,1,5,1,17,11,76,156.75380787037037
1732,100,497.99,1,2,1,16,11,79,306.7749189814815
1380,100,275,1,2,1,16,11,60,201.8043634259259
17,90.5,100,0,4,1,23,11,56,10.473449074074074
343,98.1,63,1,3,1,5,10,44,26.22127314814815
392,100,44,1,4,1,5,10,78,431.2337962962963
239,98.8,69,1,4,1,0,10,42,39.43335648148148
204,100,80,1,1,1,15,10,45,48.79465277777778
204,100,80,1,1,1,15,10,45,48.79465277777778
392,100,49.9,1,1,1,1,10,79,427.39061342592595
206,100,49.99,1,4,1,17,10,35,66.72686342592593
206,100,49.99,1,4,1,17,10,35,66.72686342592593
387,100,47.59,1,3,1,3,10,79,831.296863425926
40,100,300,0,5,1,17,10,53,2.7071064814814814
9,100,60,0,4,1,16,10,46,283.72253472222224
393,99.7,11.99,1,3,1,15,10,77,298.7238310185185
44,100,139.99,0,5,1,0,10,55,10.38931712962963
14798,94.7,12.74,1,5,1,0,10,79,794.4060763888889
4,100,45.99,0,6,1,10,10,74,30
4,100,29.99,0,6,1,9,9,66,29.99931712962963
628,98.6,66.3,1,2,1,0,9,72,258.3315625
628,98.6,38.75,1,2,1,0,9,78,258.33092592592595
628,98.6,74.57,1,2,1,0,9,71,258.33060185185184
628,98.6,49.77,1,2,1,0,9,75,258.3305208333333
628,98.6,77.33,1,5,1,15,9,76,226.70894675925925
70,95.2,39.99,1,5,1,9,9,73,10
70,95.2,39.99,1,5,1,9,9,73,10
70,95.2,39.99,1,5,1,9,9,73,10
421,100,50,0,0,1,18,9,32,14.639305555555556
1384,99.5,215,0,6,1,20,9,64,15.547164351851851
2215,99.6,135,1,5,1,5,9,78,374.15212962962966
1241,99.3,85,0,4,1,18,9,71,10.6265625
628,98.6,122.73,1,3,1,12,9,72,291.80799768518517
77616,99.6,54.95,1,4,1,7,8,68,851.0647685185185
3,100,135,1,6,1,14,8,27,1.7674537037037037
59,100,22.99,1,4,1,8,8,80,60
59,100,22.99,1,4,1,8,8,80,60
392499,99.8,300,1,2,1,18,8,63,131.6017361111111
243572,99.3,17.12,1,2,1,15,8,79,572.6968171296296
913,100,2850,1,3,1,8,8,77,5
409118,98.2,13.32,1,1,1,8,7,80,335.9306365740741
409118,98.2,13.43,1,1,1,8,7,80,335.9306365740741
408828,98.2,12.77,1,4,1,3,7,78,403.175775462963
409118,98.2,7.23,1,4,1,14,7,80,486.69811342592595
409118,98.2,7.23,1,4,1,14,7,80,486.69811342592595
0,0,245,0,1,1,6,7,64,0.0641550925925926
17,100,140,0,4,1,14,7,37,24.707847222222224
2122,98.9,13.28,1,6,1,7,7,80,51.00018518518519
2122,98.9,13.28,1,6,1,7,7,80,51.00018518518519
763133,98,28.99,1,1,1,6,7,80,98.03856481481482
763133,98,28.99,1,1,1,6,7,80,98.03856481481482
69508,98,90.74,1,1,1,21,6,79,62.38488425925926
82,100,24,0,6,1,6,6,68,30
2920,98.8,10.99,1,3,1,2,5,80,82.13423611111111
2920,98.8,10.99,1,3,1,2,5,80,82.13423611111111
452,100,100,1,3,1,8,5,76,4.8951620370370375
0,100,200,0,3,1,8,5,60,4.861875
1294,97.3,49.99,0,3,1,1,5,58,19.138391203703705
92,100,130,0,0,1,19,5,75,0.3819328703703704
8626,99.7,71.99,1,4,1,21,5,79,73.32111111111111
8626,99.7,71.99,1,4,1,21,5,79,73.32111111111111
343,100,61.7,1,6,1,6,4,79,141.93273148148148
346,100,25.48,1,3,1,6,4,78,144.9462384259259
4040,99.6,54.9,1,5,1,7,4,37,65.91069444444445
4040,99.6,54.9,1,5,1,7,4,37,65.91069444444445
6,100,9.88,1,2,1,22,4,54,5.2415972222222225
6,100,9.88,1,2,1,22,4,54,5.2415972222222225
6,100,9.88,1,2,1,22,4,54,5.2415972222222225
27,100,38.99,1,4,1,4,4,75,60
27,100,38.99,1,4,1,4,4,75,60
27,100,38.99,1,4,1,4,4,75,60
13,95,115,1,2,1,16,4,35,5.512650462962963
4667,100,119.99,0,6,1,17,4,80,1.431111111111111
41,100,125,1,0,1,21,4,36,0.26886574074074077
528,98.2,11.99,1,1,1,2,4,76,35.05336805555555
528,98.2,11.99,1,1,1,2,4,77,35.053773148148146
134400,99.1,29.99,1,5,1,11,4,76,58.68025462962963
134400,99.1,29.99,1,5,1,11,4,76,58.68025462962963
637,100,69,0,0,1,9,3,75,7.757372685185185
512,87.2,17.77,1,1,1,8,3,76,6.81582175925926
12394,99.9,17.99,1,4,1,22,3,59,24.20099537037037
322717,99.8,34.39,1,3,1,3,3,65,515.9893518518519
322750,99.8,18.19,1,4,1,3,3,80,1361.9626041666668
322721,99.8,22.49,1,3,1,6,3,80,515.889537037037
322186,99.8,54.39,1,6,1,12,3,80,792.6332638888889
322162,99.8,175.89,1,6,1,5,3,80,792.9150694444445
322406,99.8,59.09,1,1,1,17,3,80,790.4045138888889
322413,99.8,15.79,1,2,1,19,3,72,880.3456481481481
322275,99.8,81.29,1,0,1,12,3,80,791.6425694444445
321933,99.8,43.89,1,3,1,10,3,80,795.7308333333333
323177,99.8,152.59,1,0,1,0,3,80,792.1251736111111
322607,99.8,27.49,1,5,1,4,3,56,786.9455787037037
322254,99.8,92.99,1,0,1,2,3,80,792.0520601851852
322243,99.8,46.19,1,6,1,23,3,80,792.1559837962963
322381,99.8,140.89,1,1,1,13,3,80,790.5888888888888
321051,99.8,70.79,1,0,1,0,3,79,806.1438888888889
321982,99.8,41.59,1,4,1,4,3,79,794.9818055555555
323171,99.8,54.49,1,6,1,23,3,70,813.1694675925926
320962,99.8,64.89,1,6,1,7,3,80,806.8298726851851
322254,99.8,140.89,1,0,1,2,3,80,792.0329050925926
323168,99.8,180.39,1,2,1,11,3,80,810.6541203703704
322607,99.8,69.59,1,5,1,4,3,80,786.9680787037037
322923,99.8,67.29,1,4,1,4,3,80,1361.9266435185186
321629,99.8,16.99,1,6,1,23,3,80,799.1546527777778
322160,99.8,129.19,1,6,1,2,3,80,793.0394907407407
322186,99.8,42.69,1,6,1,12,3,79,792.6311226851852
321978,99.8,234.29,1,4,1,0,3,80,795.1165856481482
321978,99.8,234.29,1,4,1,0,3,80,795.1165856481482
323137,99.8,64.89,1,3,1,3,3,80,796.0019791666666
322876,99.8,47.39,1,1,1,17,3,80,790.4103125
1796,96.7,18.29,1,2,1,0,3,79,55.112175925925925
1824,96.7,13.99,1,4,1,6,3,77,59.89287037037037
1824,96.7,29.99,1,4,1,6,3,77,59.89287037037037
1824,96.7,29.99,1,4,1,6,3,77,59.89287037037037
1824,96.7,29.99,1,4,1,6,3,77,59.89287037037037
1824,96.7,13.99,1,4,1,6,3,77,59.89287037037037
1824,96.7,13.23,1,4,1,7,3,75,59.83737268518519
1824,96.7,20.99,1,4,1,7,3,75,59.83737268518519
1846,96.7,21.99,1,0,1,1,3,77,106.07609953703704
1846,96.7,21.99,1,0,1,1,3,77,106.07609953703704
187,100,275,0,0,1,20,3,26,0.2930671296296296
42561,98.5,2.59,1,1,1,4,3,80,741.9306712962963
42561,98.5,2.59,1,1,1,4,3,80,741.9306712962963
42561,98.5,2.79,1,1,1,4,3,80,741.9306712962963
42561,98.5,2.79,1,1,1,4,3,80,741.9306712962963
42561,98.5,2.79,1,1,1,4,3,80,741.9306712962963
42561,98.5,9.59,1,1,1,4,3,80,741.9306712962963
321926,99.8,18.19,1,6,1,7,3,80,1275.8071875
2198,99.6,380,1,6,1,5,3,75,106.9154050925926
2198,99.6,435,1,3,1,11,3,79,466.6481712962963
779,99.1,49.76,1,0,1,10,3,80,112.68246527777778
779,99.1,49.76,1,0,1,10,3,80,112.68246527777778
1129,96.7,40.56,1,0,1,8,3,78,567.7727546296296
1129,96.7,40.56,1,0,1,8,3,78,567.7727546296296
1129,96.7,40.56,1,0,1,8,3,78,567.7727546296296
977,99.4,35.2,1,2,1,17,3,80,418.4165162037037
392617,99.8,41.25,1,4,1,14,3,74,178.515
392178,99.8,32.94,1,3,1,5,3,80,144.91707175925927
392177,99.8,300,1,6,1,6,3,80,239.82767361111112
1013,99.8,36.63,1,4,1,4,3,78,304.8791550925926
171,99.4,11.09,1,5,1,23,3,76,30.13684027777778
507060,99.3,54.99,1,4,1,17,2,80,927.3812731481481
507060,99.3,54.99,1,4,1,17,2,80,927.3812731481481
507060,99.3,54.99,1,4,1,17,2,80,927.3812731481481
827,97.3,14.71,1,2,1,5,2,78,264.8531134259259
56589,98.5,39.45,1,5,1,11,2,50,177.60783564814815
56589,98.5,39.45,1,5,1,11,2,50,177.60783564814815
109,100,59,0,6,1,21,2,48,1.2121064814814815
137432,99.1,20,1,2,1,18,2,74,5.331597222222222
78,100,149.99,0,0,1,15,1,69,0.4084837962962963
116,100,390,1,0,1,15,1,67,7.4257175925925925
1098,100,60,0,6,1,1,1,79,30
24528,99.9,12.79,1,1,1,17,1,74,678.2913657407407
17623,99.3,34.96,1,5,1,0,1,79,1416.9994097222223
137432,99.1,27.98,1,2,1,18,1,74,5.293819444444445
51861,98.4,18,1,3,1,3,0,37,851.8782060185185
510,99,55,0,2,1,0,0,79,6.012951388888889
1,100,149,1,3,1,0,0,71,47.008541666666666
900,99.5,215,1,0,1,16,0,73,0.3443287037037037
682,100,179,1,5,1,20,0,73,23.16175925925926
1903,98.4,13.99,1,3,1,2,0,70,214.87326388888889
1903,98.4,13.99,1,3,1,2,0,70,214.87326388888889
947,99.8,85.99,0,6,1,0,0,64,30
94,100,25.99,0,3,1,23,0,79,25.036828703703705
246,99.5,65,0,2,0,9,23,78,26.59488425925926
64273,97.7,38.67,1,2,0,6,23,77,138.73046296296297
64273,97.7,38.67,1,2,0,6,23,77,138.73046296296297
63,100,70,1,5,0,0,23,63,65.98532407407407
0,0,29.33,1,0,0,16,23,68,0.3033449074074074
2394,99.3,24.9,1,4,0,22,23,80,395.03261574074077
15126,98.8,8.29,1,4,0,4,23,80,479.777650462963
1214,99.8,24.9,1,5,0,4,23,79,401.7969212962963
0,0,29.33,1,0,0,16,23,71,0.2911458333333333
321,97.5,45.99,1,3,0,23,23,79,24.99542824074074
30667,99.6,24.9,1,4,0,2,23,73,402.8628009259259
0,0,29.49,1,0,0,15,23,53,0.3172685185185185
736,98.6,25,1,4,0,12,23,56,10.425914351851851
437,97.3,18.99,1,4,0,20,23,78,178.09104166666665
437,97.3,18.99,1,4,0,20,23,78,178.09104166666665
437,97.3,20.99,1,4,0,20,23,78,178.09104166666665
437,97.3,18.99,1,4,0,20,23,78,178.09104166666665
437,97.3,20.99,1,4,0,20,23,78,178.09104166666665
437,97.3,18.99,1,4,0,20,23,78,178.09104166666665
437,97.3,20.99,1,4,0,20,23,78,178.09104166666665
434,97.3,21.99,1,2,0,23,23,74,179.99392361111111
434,97.3,21.99,1,2,0,23,23,74,179.99392361111111
456,97.3,26.39,1,0,0,22,23,80,84.02106481481482
456,97.3,26.39,1,0,0,22,23,80,84.02106481481482
455,97.3,11.98,1,4,0,22,23,79,157.04260416666668
455,97.3,11.98,1,4,0,22,23,79,157.04260416666668
455,97.3,11.98,1,4,0,22,23,79,157.04260416666668
452,97.3,21.99,1,0,0,20,23,78,189.11569444444444
452,97.3,21.99,1,0,0,20,23,78,189.11569444444444
452,97.3,21.99,1,0,0,20,23,78,189.11569444444444
459,97.3,25.99,1,0,0,1,23,79,182.9190625
459,97.3,25.99,1,0,0,1,23,79,182.9190625
459,97.3,25.99,1,0,0,1,23,79,182.9190625
459,97.3,25.99,1,0,0,1,23,79,182.9190625
459,97.3,17.99,1,0,0,21,23,80,182.04613425925925
459,97.3,17.99,1,0,0,21,23,80,182.04613425925925
459,97.3,17.99,1,0,0,21,23,80,182.04613425925925
136,100,60,0,3,0,22,23,48,11.017581018518518
21,88.9,11.99,1,3,0,0,23,79,95.94576388888889
21,88.9,11.99,1,3,0,0,23,79,95.94576388888889
0,0,29.97,1,0,0,16,22,72,0.2775578703703704
84,100,225,1,0,0,23,22,60,6.990914351851852
134400,99.1,19.99,1,2,0,10,22,76,89.50712962962963
134400,99.1,19.99,1,2,0,10,22,76,89.50712962962963
134400,99.1,19.99,1,2,0,10,22,76,89.50712962962963
3181,100,69,1,0,0,11,22,79,1589.44875
0,0,29.69,1,0,0,15,22,49,0.279837962962963
139,100,13.99,1,1,0,5,22,80,76.71469907407408
139,100,15.99,1,1,0,5,22,80,76.71469907407408
139,100,14.45,1,1,0,5,22,80,76.71469907407408
207,100,155,0,0,0,22,22,25,0.022337962962962962
0,0,19.88,1,0,0,15,22,50,0.2788657407407407
276,98.6,59.24,1,6,0,15,22,70,99.29851851851852
364,97.7,10.99,1,2,0,5,21,79,187.70356481481483
364,97.7,10.99,1,2,0,5,21,79,187.70356481481483
0,0,29.69,0,0,0,15,21,80,0.2507175925925926
4,100,40.8,1,2,0,21,21,76,5
1286336,98.2,14.49,1,4,0,4,21,80,59.70842592592592
1286336,98.2,14.49,1,4,0,4,21,80,59.70842592592592
1286336,98.2,14.49,1,4,0,4,21,80,59.70842592592592
162,100,25.95,0,5,0,6,21,59,58.65731481481482
41,100,125,1,0,0,15,21,36,0.26251157407407405
615,99.4,199.99,0,4,0,12,21,73,3.3869212962962965
608,100,300,0,0,0,16,21,74,63.21265046296296
198,100,40,0,6,0,15,21,54,8.264270833333333
21675,95.1,14.88,1,2,0,21,21,79,103.00746527777778
21675,95.1,14.88,1,2,0,21,21,79,103.00746527777778
21675,95.1,6.68,1,5,0,21,21,75,86.00939814814815
21675,95.1,6.88,1,5,0,21,21,75,86.00939814814815
21675,95.1,4.67,1,3,0,21,21,79,73.98572916666667
21675,95.1,18.66,1,3,0,21,21,79,73.98572916666667
21675,95.1,5.19,1,5,0,22,21,79,85.93186342592593
21675,95.1,19.99,1,5,0,22,21,79,85.93186342592593
21675,95.1,5.48,1,4,0,22,21,80,79.95068287037037
21675,95.1,18.88,1,4,0,22,21,80,79.95068287037037
21675,95.1,2.93,1,5,0,21,21,80,71.9948611111111
21675,95.1,11.69,1,5,0,21,21,80,71.9948611111111
360,100,40,0,0,0,14,21,75,0.2628240740740741
6,100,19.99,1,0,0,12,21,79,28.35773148148148
3185,100,79.99,1,2,0,3,21,80,1650.7415972222223
3185,100,35.5,1,1,0,0,21,80,510.85202546296296
3185,100,79.99,1,2,0,3,21,80,1650.7415972222223
55,96.7,52.95,0,1,0,19,21,79,41.06641203703704
504,100,25,0,0,0,1,21,80,0.8023842592592593
79,100,14.99,0,1,0,9,20,76,6.477905092592593
137432,99.1,25,1,2,0,18,20,74,5.122488425925926
21675,95.1,5.88,1,1,0,21,20,79,89.97311342592593
21675,95.1,19.29,1,1,0,21,20,79,89.97311342592593
0,20,33.99,1,3,0,16,20,38,32.165601851851854
0,20,33.99,1,3,0,16,20,38,32.165601851851854
1,100,23.88,0,4,0,20,20,62,3
46,100,65,0,6,0,21,20,46,0.9558680555555555
4588,99.1,357.84,1,3,0,7,20,74,1075.5385069444444
4588,99.1,357.84,1,3,0,7,20,74,1075.5385069444444
4588,99.1,357.84,1,3,0,7,20,74,1075.5385069444444
4588,99.1,357.84,1,3,0,7,20,74,1075.5385069444444
1854,100,349.95,1,6,0,14,20,79,337.23993055555553
38430,99.4,14.99,1,5,0,20,20,74,30
38430,99.4,14.99,1,5,0,20,20,74,30
10,100,24.95,1,3,0,22,20,74,80.9120138888889
40,100,115,0,0,0,10,20,80,7.403622685185185
1084,99.3,39,1,6,0,0,20,78,22.84429398148148
1084,99.3,39,1,6,0,0,20,78,22.84429398148148
1854,100,219.95,1,0,0,17,20,80,329.0654513888889
19,66.7,200,0,4,0,21,20,43,30.923877314814813
1056,97.6,26,0,0,0,17,19,77,42.118657407407404
269,100,27,1,2,0,23,19,74,32.84313657407407
3,100,849,0,4,0,12,19,78,31.312175925925924
5164,100,38.33,1,3,0,22,19,73,24.88375
457,99.2,50.9,1,2,0,19,19,77,180
210102,99,27.45,1,5,0,22,19,55,36.86069444444445
905,100,59.95,0,0,0,18,19,65,35.02542824074074
204,100,218,0,0,0,13,19,53,0.2586574074074074
525,100,38.99,0,0,0,17,19,79,7.056747685185186
19,100,95,0,4,0,22,18,25,2.8693055555555556
2,100,80,0,4,0,2,18,79,3.7074421296296296
102,100,120,0,5,0,16,18,46,2.095127314814815
57,100,65,1,2,0,15,18,52,278.08163194444444
1056,98.1,313.6,1,4,0,23,18,63,1087.8074884259258
38617,97.7,5.99,1,1,0,17,18,77,300
1853,100,229.95,1,3,0,19,18,77,416.9496296296296
78317,99.2,45,0,1,0,16,18,80,48.07310185185185
13,100,60,0,6,0,22,18,20,14.848263888888889
244,100,30,0,1,0,15,18,76,125.12333333333333
524,100,120,0,2,0,23,18,76,53.78356481481482
2297,100,20,0,2,0,2,18,63,19.640833333333333
7135,100,129,1,2,0,16,17,31,12.053622685185186
0,0,29.87,1,0,0,16,17,67,0.060787037037037035
324,95.7,170,0,0,0,17,17,78,7
2265,100,55.99,1,5,0,17,17,80,30
0,0,29.96,1,0,0,15,17,77,0.06913194444444444
0,0,29.98,1,0,0,16,17,65,0.02306712962962963
0,0,29.69,1,0,0,15,17,63,0.07127314814814815
0,0,29.99,1,0,0,15,17,75,0.0762037037037037
0,0,29.86,1,0,0,16,17,73,0.014027777777777778
23,100,90,0,6,0,11,16,56,15.211516203703704
645,98.9,95.99,1,3,0,22,16,74,52.786446759259256
0,0,29.88,1,0,0,16,16,67,0.014328703703703703
1816,100,26.25,0,2,0,20,16,42,18.842418981481483
1298,97.3,46.99,0,4,0,11,16,55,3.2225
722,100,180,0,4,0,11,16,25,10.209479166666666
0,0,29.97,1,0,0,16,16,64,0.018645833333333334
652,98.9,95.99,1,2,0,20,16,70,74.80247685185185
0,0,29.78,1,0,0,16,16,67,0.0044675925925925924
8091,99.9,179.99,1,1,0,7,15,74,13.35287037037037
8091,99.9,179.99,1,1,0,7,15,74,13.35287037037037
5,100,190,0,3,0,23,15,49,10.672037037037038
875,100,55.99,0,5,0,12,15,45,16.138958333333335
41,100,125,1,6,0,22,15,36,0.7016782407407407
42,91.7,450,0,4,0,11,15,61,52.17819444444444
345,100,39.99,1,0,0,10,15,78,14.185625
233,100,350,1,1,0,17,15,80,75.90844907407407
138294,99.4,28.49,1,0,0,23,15,55,48.637372685185184
138294,99.4,28.49,1,0,0,23,15,55,48.637372685185184
162,100,66.19,1,6,0,12,15,74,29.117118055555554
68,100,20.77,1,0,0,1,14,69,14.558032407407408
11,100,39.99,0,3,0,13,14,61,25.041087962962962
11,100,44,0,3,0,13,14,61,25.041087962962962
11,100,44,0,3,0,13,14,61,25.041087962962962
11,100,44,0,3,0,13,14,61,25.041087962962962
1853,100,189.95,1,4,0,23,14,78,401.63930555555555
2245,100,32.99,1,1,0,9,14,63,167.2244560185185
0,0,26.77,1,0,0,22,14,76,62.662013888888886
0,0,25.77,1,0,0,22,14,78,62.69060185185185
2403,100,21.99,0,0,0,17,14,42,6.8470254629629625
74,100,125,0,3,0,7,14,68,11.28920138888889
445,100,149,0,6,0,14,13,74,0.9776388888888888
774,100,164,1,1,0,13,13,45,47.99362268518519
44031,99.8,79.99,1,1,0,1,13,63,69.50841435185185
3584,99.8,305,1,3,0,11,13,79,11.082511574074074
131,100,55,1,6,0,4,13,72,36.38730324074074
187,100,438.89,1,5,0,17,13,51,29.82579861111111
18427,99,28.99,1,5,0,9,13,80,16.1528125
60,100,33.99,0,5,0,20,12,27,8.698310185185186
10598,99.9,79.99,0,2,0,18,12,80,4.7530324074074075
658,100,31.99,0,2,0,0,12,78,5.490023148148148
79039,99.2,200,0,0,0,23,12,80,6.534143518518518
20,100,25.95,1,5,0,17,12,56,1.7821412037037037
731,98.7,58,1,4,0,8,12,71,3.141238425925926
38,100,45,0,6,0,1,11,52,22.41640046296296
2,100,9.99,0,5,0,11,11,75,30
2,100,9.99,0,5,0,11,11,75,30
135,100,20,1,4,0,13,11,81,2.937314814814815
603,98.4,7,0,1,0,12,11,72,12.967430555555556
128,100,0.99,1,3,0,11,11,79,60
128,100,21.99,1,3,0,11,11,79,60
128,100,21.99,1,3,0,11,11,79,60
128,100,1.35,1,3,0,11,11,79,60
128,100,1.35,1,3,0,11,11,79,60
101,100,30,0,0,0,13,11,57,139.91447916666667
1228,100,139.95,1,2,0,17,10,79,151.71185185185186
264397,99.6,27.99,1,2,0,21,10,70,277.5025347222222
597,99.8,13.06,1,3,0,9,10,29,102.02844907407408
3,100,114,1,6,0,1,10,60,8.371203703703705
3,100,29.99,0,4,0,16,10,61,2.7405092592592593
3,100,29.99,0,4,0,16,10,61,2.7405092592592593
3,100,29.99,0,4,0,16,10,61,2.7405092592592593
3,100,29.99,0,4,0,16,10,61,2.7405092592592593
20,90,28.5,0,4,0,2,10,80,3.337673611111111
1,100,40.69,1,6,0,23,10,80,7.425023148148148
9472,100,116.89,1,1,0,20,9,78,19.574224537037036
6,100,550,0,3,0,14,9,53,269.7547222222222
2710,99.5,32.99,1,5,0,3,9,80,996.2063310185185
2710,99.5,32.99,1,5,0,3,9,80,996.2063310185185
2710,99.5,32.99,1,5,0,3,9,80,996.2063310185185
1034,99.6,29.99,1,5,0,9,9,75,450
45,100,20,0,1,0,14,9,69,26.785011574074073
51182,99.4,89.99,1,2,0,14,9,71,235.7132175925926
774,98.4,275,1,4,0,17,8,76,23.647708333333334
400,99.3,220,0,3,0,11,7,29,164.84431712962962
11,100,190,0,3,0,17,7,76,3.576238425925926
1189,99.4,18.69,1,5,0,6,6,76,30
1230,99.4,11.55,1,5,0,6,6,75,30
1230,99.4,11.55,1,5,0,6,6,76,30
1189,99.4,18.69,1,5,0,6,6,76,30
1230,99.4,10.45,1,5,0,6,6,77,30
1230,99.4,11.55,1,5,0,6,6,76,30
556,99.2,28,0,3,0,11,6,39,3.761226851851852
484,100,109,0,4,0,19,5,65,16.42221064814815
1246,98.2,11.59,1,5,0,5,5,80,30
1246,98.2,11.59,1,5,0,5,5,80,30
777,99,5.79,1,1,0,5,5,78,90
777,99,18.59,1,1,0,5,5,78,90
777,99,18.59,1,1,0,5,5,78,90
777,99,5.79,1,1,0,5,5,78,90
308,100,100,0,5,0,11,5,79,225.7200462962963
281,100,94.99,0,5,0,5,5,68,30
99,100,47.47,1,3,0,5,5,75,80.98674768518518
99,100,48.71,1,3,0,5,5,75,80.98674768518518
99,100,47.47,1,3,0,5,5,75,80.98674768518518
31,100,180,0,5,0,2,5,21,2.1064583333333333
756,99.3,19.99,1,6,0,5,4,75,749.9605324074074
756,99.3,19.99,1,6,0,5,4,75,749.9605324074074
756,99.3,19.99,1,6,0,5,4,75,749.9605324074074
1186,99.3,8.99,0,4,0,11,4,42,86.7112962962963
359,100,25,0,1,0,11,4,62,26.710300925925925
2694,99.9,41.46,1,2,0,6,4,78,116.88677083333333
52819,99.7,49.99,1,2,0,17,2,80,4.3945949074074075
56959,98.5,29.95,1,4,0,0,2,40,150.0981712962963
56959,98.5,29.95,1,4,0,0,2,40,150.0981712962963
56959,98.5,29.95,1,4,0,0,2,40,150.0981712962963
101179,96,7.99,1,1,0,21,1,80,82.16552083333333
101179,96,8.39,1,1,0,21,1,80,82.16552083333333
101179,96,8.39,1,1,0,21,1,80,82.16552083333333
101179,96,8.39,1,1,0,21,1,80,82.16552083333333
22454,98,230,0,1,0,5,1,44,26.84980324074074
945,99.6,82.99,0,2,0,21,1,79,25.149814814814814
914,100,169,0,5,0,12,1,73,22.553680555555555
2265,99.8,168.98,1,4,0,18,1,78,23.296828703703703
5,100,95,1,6,0,17,1,50,0.318125
21,91.3,25,0,6,0,17,0,61,0.3019907407407407
335,99.5,139.99,1,5,0,0,0,79,30
22,91.3,25,0,1,0,12,0,61,5.501967592592592
45,100,18,0,5,0,20,0,80,1.137974537037037
1619,98.8,300,1,6,0,19,0,69,0.1869097222222222
1619,98.8,300,1,6,0,19,0,69,0.1869097222222222
126,100,50,0,1,6,22,23,66,117.0651388888889
64,97.5,59.95,0,1,6,14,23,80,12.362106481481481
13,100,50,1,1,6,16,23,31,5.299444444444444
27,100,39,0,6,6,18,23,49,0.1971064814814815
57,100,29.99,1,3,6,22,23,79,199.0231134259259
136722,96.2,9.99,1,4,6,23,23,78,30
136722,96.2,9.99,1,4,6,23,23,78,30
0,0,29.97,1,6,6,16,23,50,0.27729166666666666
136,93.3,16.99,0,0,6,12,22,75,20.42275462962963
136,93.3,22.99,0,0,6,12,22,75,20.42275462962963
4298,98.2,9.29,1,6,6,16,22,79,28.28559027777778
4298,98.2,9.29,1,6,6,16,22,79,28.28559027777778
41,100,125,1,6,6,17,22,36,0.19494212962962962
930,99.8,199.98,1,5,6,18,22,80,169.16247685185186
0,0,29.69,1,6,6,17,22,58,0.21733796296296296
27939,97.1,22.82,1,3,6,23,22,3,16.971828703703704
27939,97.1,22.82,1,3,6,23,22,3,16.971828703703704
0,0,29.69,1,6,6,16,22,41,0.2608912037037037
0,0,29.99,1,6,6,17,22,64,0.20260416666666667
561,99.8,27.82,1,1,6,11,22,80,117.44975694444445
561,99.8,27.82,1,1,6,11,22,80,117.44975694444445
561,99.8,27.82,1,1,6,11,22,80,117.44975694444445
16130,96,2,1,5,6,21,22,80,57.04052083333333
16130,96,7.98,1,5,6,21,22,80,57.04052083333333
981,100,179,1,0,6,16,22,43,13.249490740740741
0,0,29.97,1,6,6,15,21,78,0.24203703703703705
6559,98.5,24.15,1,6,6,22,21,79,216.92325231481482
0,0,29.69,1,6,6,15,21,76,0.2431712962962963
1146,100,200,0,4,6,9,21,35,2.489189814814815
21675,95.1,6.98,1,3,6,20,20,79,87.00627314814815
21675,95.1,6.98,1,3,6,20,20,79,87.00627314814815
21675,95.1,5.22,1,3,6,21,20,80,86.99712962962963
21675,95.1,20.88,1,3,6,21,20,80,86.99712962962963
21675,95.1,20.88,1,3,6,21,20,80,86.99712962962963
21675,95.1,5.19,1,4,6,22,20,80,85.92966435185186
21675,95.1,19.99,1,4,6,22,20,80,85.92966435185186
21674,95.1,6.99,1,3,6,20,20,80,87.00712962962963
21674,95.1,9.99,1,3,6,20,20,80,87.00712962962963
21675,95.1,4.78,1,4,6,21,20,78,85.98976851851852
21675,95.1,18.88,1,4,6,21,20,78,85.98976851851852
21675,95.1,18.88,1,4,6,21,20,78,85.98976851851852
1198,99.8,39.95,1,2,6,12,20,80,18.316979166666666
3014,100,75,1,4,6,9,20,66,2.4456018518518516
19398,99,6.89,1,3,6,2,20,80,24.74375
19398,99,18.39,1,3,6,2,20,80,24.74375
19398,99,18.39,1,3,6,2,20,80,24.74375
4682,100,194.99,1,4,6,10,20,80,23.415208333333332
58,98.5,39,1,4,6,0,20,80,30.821516203703705
70,97.4,36.34,1,1,6,13,19,80,33.25590277777778
13,100,99,0,5,6,8,19,34,1.475451388888889
63,100,29.98,1,4,6,19,19,78,30
40,100,80,0,3,6,19,19,66,9.997407407407408
119,100,39.99,0,2,6,23,18,36,3.7952430555555554
2633,100,80,1,3,6,18,18,41,24.03641203703704
9,100,2.99,0,4,6,0,18,37,9.745451388888888
187,100,359.49,1,5,6,17,18,52,29.062974537037036
66585,98.2,4.04,1,3,6,10,18,73,934.3394791666667
1114,100,349.99,1,2,6,0,18,60,46.762442129629626
42,97.2,150,0,5,6,16,18,67,22.094537037037036
2654,100,149.95,1,0,6,8,17,73,6.388993055555556
1819,100,99,0,1,6,13,17,75,117.1878587962963
54,100,25,0,5,6,3,17,75,1.5774884259259259
19276,99.8,13,1,4,6,17,17,80,30
1956,100,19.99,0,4,6,17,17,74,30
22,91.3,25,0,0,6,16,17,61,6.0468981481481485
17,100,205,0,5,6,15,16,33,1.0518518518518518
1390,100,17.99,1,2,6,12,16,70,4.160520833333333
665,98.9,69.99,1,5,6,16,16,73,120
3832,100,69.99,1,4,6,16,16,73,30
2868,99.5,250,0,3,6,12,16,44,3.166712962962963
78318,99.2,26.95,0,4,6,15,16,77,51.03251157407407
791,99.5,8.59,1,2,6,19,15,78,269.8243634259259
903,98.4,179.99,1,6,6,16,15,78,6.992488425925926
223192,98.1,12.96,1,1,6,9,15,76,124.2641087962963
2390,99.8,41.99,0,0,6,1,15,80,34.56260416666667
5165,100,109.99,1,1,6,22,15,80,18.699930555555557
927,98.7,87.96,1,2,6,16,15,76,430.9601736111111
927,98.7,87.96,1,2,6,16,15,78,430.9625925925926
290,95.6,55,0,0,6,18,15,39,26.844155092592594
856,99.7,60,1,6,6,2,15,55,7.5311111111111115
2337,100,30,0,4,6,7,14,59,16.290590277777778
243,100,38,1,6,6,23,14,67,41.61805555555556
589,96.7,80,0,6,6,17,14,71,20.88571759259259
24,96.3,150,0,5,6,4,14,79,1.4317708333333334
12745,98.2,2.92,1,0,6,13,14,79,447.04572916666666
10360,99.9,182.4,1,4,6,10,14,55,23.160208333333333
1288,100,211.11,0,5,6,12,14,68,29.06681712962963
12745,98.2,5.1,1,1,6,10,14,77,33.13060185185185
12748,98.2,5.77,1,1,6,10,14,53,33.13068287037037
4559,100,128.33,1,4,6,7,14,36,107.2715162037037
12746,98.2,50.46,1,1,6,14,13,78,361.98265046296297
445,100,143,0,4,6,16,13,74,1.9012962962962963
21,100,35,0,5,6,19,13,58,56.75621527777778
18864,99.3,14,1,2,6,17,13,62,94.82932870370371
38,100,220,0,5,6,22,12,73,0.5980439814814815
2629,100,445.5,1,1,6,21,12,47,39.6108912037037
592,95.3,96.55,1,1,6,11,11,79,390
9034,100,539.99,1,6,6,11,11,69,819.0034606481481
4767,100,14.99,0,0,6,14,11,80,5.878622685185185
4667,100,119.99,0,3,6,0,11,72,3.452615740740741
4,100,100,0,4,6,14,11,35,15.862430555555555
2281,99.8,107.99,1,5,6,18,11,76,70.69347222222223
14914,99.8,325,1,1,6,17,10,64,249.6682638888889
13,100,92.5,0,3,6,19,10,55,2.631689814814815
20,100,25.95,1,5,6,6,10,62,1.1654282407407408
0,0,175,0,3,6,21,10,21,2.526898148148148
31,100,120,0,5,6,14,10,32,21.812048611111113
6741,100,35,1,4,6,9,9,77,30
11520,100,140,1,6,6,9,9,80,6.999317129629629
16013,96,4.8,1,3,6,21,9,80,72.50701388888889
16013,96,18.61,1,3,6,21,9,80,72.50701388888889
16080,96,24.99,1,5,6,21,9,72,56.514016203703704
16080,96,24.99,1,5,6,21,9,72,56.514016203703704
16013,96,3.83,1,4,6,21,9,80,78.50521990740741
16013,96,13.88,1,4,6,21,9,80,78.50521990740741
80,98.8,70,0,4,6,12,8,71,29.82863425925926
87,90,117,0,4,6,11,8,56,22.899074074074075
408,100,259.99,1,6,6,12,8,80,13.818634259259259
79278,99.2,20,0,5,6,16,8,80,511.6774537037037
41,97.7,400,1,1,6,19,8,71,4.543136574074074
24,100,285,0,3,6,8,8,34,2.9714699074074074
76,95.7,93.43,1,1,6,20,8,78,4.484652777777778
400,98.9,17.99,1,4,6,2,7,76,296.2021759259259
261023,98.1,10.74,1,1,6,17,7,77,333.5521527777778
261023,98.1,10.74,1,1,6,17,7,77,333.5521527777778
260972,98.1,6.99,1,2,6,16,7,79,486.6341203703704
292592,98.3,17.29,1,2,6,23,6,75,59.32414351851852
292592,98.3,17.29,1,2,6,23,6,75,59.32414351851852
760,98.6,14,1,5,6,6,6,78,169.01989583333332
760,98.6,20.99,1,2,6,1,6,75,277.1870601851852
744,99.8,39.9,1,1,6,20,6,77,11.42181712962963
1428,98.5,101.6,1,4,6,5,5,79,30
2209,99.6,260,1,1,6,13,5,75,95.69761574074074
94,100,295,0,2,6,11,5,55,45.7805787037037
183,100,28,0,2,6,15,5,62,3.575439814814815
2011,94.3,25.64,1,3,6,22,5,72,149.27690972222223
554,100,149,0,6,6,13,5,77,6.66144675925926
1045,99.6,14.25,1,4,6,5,5,77,450
829,100,39.95,1,3,6,15,4,80,9.563090277777778
513,99.7,37.55,1,0,6,6,4,78,187.90556712962962
514,99.7,46.94,1,2,6,10,4,58,122.76784722222222
514,99.7,48.28,1,2,6,10,4,78,122.73648148148148
513,99.7,49.62,1,3,6,17,4,79,93.46564814814815
514,99.7,21.45,1,3,6,23,4,80,93.22581018518518
2217,100,19.99,1,3,6,9,4,80,737.7787962962963
0,0,180,0,6,6,20,4,64,27.314189814814814
928,99.5,69.95,1,1,6,15,3,73,18.4828125
928,99.5,69.95,1,1,6,15,3,73,18.4828125
0,0,21,0,5,6,2,3,80,1.046875
12,100,50,0,4,6,3,3,74,30
1608,98.9,124.88,0,4,6,2,2,80,1500
68457,98.1,6.49,1,4,6,4,2,75,106.91890046296297
6,100,300,0,2,6,12,2,76,24.56275462962963
3453,99.8,288,0,0,6,2,1,78,12.965613425925927
1962,100,32.95,1,0,6,23,1,70,12.10170138888889
352,98.4,30.77,0,1,6,12,1,79,39.525729166666665
18803,99.2,27.29,1,4,6,6,1,69,29.795185185185186
4197,100,20,1,4,6,20,0,58,204.1999189814815
21,100,184,0,2,6,19,0,35,3.1949074074074075
123,98.6,49.99,1,3,6,13,0,60,51.46486111111111
190,100,4.5,1,4,6,21,0,63,36.10439814814815
151793,98,20.37,1,2,5,15,23,76,297.29997685185185
151793,98,20.37,1,2,5,15,23,76,297.29997685185185
145,99.1,30.52,1,4,5,5,23,80,99.75924768518519
0,0,29.33,1,5,5,17,23,63,0.2644675925925926
20056,98.2,19.54,1,3,5,4,23,79,772.7646180555555
20056,98.2,19.54,1,3,5,4,23,79,772.7646180555555
20056,98.2,19.54,1,3,5,4,23,79,772.7646180555555
20056,98.2,19.54,1,3,5,4,23,79,772.7646180555555
20056,98.2,19.54,1,3,5,4,23,79,772.7646180555555
0,100,24.9,0,3,5,11,23,74,2.5
1,100,9.99,0,4,5,4,23,75,22.76699074074074
416,99.3,16.49,1,4,5,2,23,78,141.8634375
416,99.3,16.49,1,4,5,2,23,78,141.8634375
416,99.3,4.89,1,1,5,8,23,74,298.57769675925925
21,91.3,30,0,4,5,21,22,60,1.076724537037037
48,98,60,0,5,5,18,22,78,0.19568287037037038
282,100,140.5,1,0,5,18,22,67,173.19665509259258
31,100,225,0,6,5,15,22,58,13.299907407407407
1033,100,139,0,3,5,22,22,80,30
1033,100,139,0,3,5,22,22,80,30
183,100,85,0,5,5,17,22,70,0.2111111111111111
0,100,23.88,0,3,5,10,22,71,2.499953703703704
0,0,29.49,1,5,5,15,22,47,0.28953703703703704
4803,100,48.5,1,3,5,18,22,66,9.166712962962963
2,100,39.9,0,1,5,10,22,74,4.499988425925926
146,100,119.99,1,4,5,23,21,72,287.87680555555556
1,100,23.99,0,2,5,21,21,71,3
13,100,26.99,1,4,5,21,21,77,0.9760532407407407
13,100,29.99,1,4,5,21,21,77,0.9760532407407407
0,0,23.99,0,6,5,9,21,75,6.5
1630,99.5,79.99,0,1,5,22,21,80,10.940914351851852
760,100,109.99,1,4,5,14,21,65,232.23546296296297
760,100,109.99,1,4,5,14,21,65,232.23546296296297
10,100,199.99,0,2,5,10,21,41,10.458969907407408
154,100,25.99,0,2,5,20,21,79,10.042731481481482
3432,99.8,41.74,1,1,5,2,21,43,333.73550925925923
465,100,14.01,1,1,5,14,20,76,4.270590277777778
32,100,206.35,0,0,5,14,20,64,19.268946759259258
41,100,125,1,5,5,15,20,36,0.22125
12,100,125,0,1,5,11,20,68,18.357199074074074
1307,98,12.96,0,5,5,18,20,68,0.04780092592592593
10,100,29.6,1,6,5,5,19,67,6.6061805555555555
10,100,29.6,1,6,5,5,19,67,6.6061805555555555
10,100,29.6,1,6,5,5,19,67,6.6061805555555555
10,100,29.6,1,6,5,5,19,67,6.6061805555555555
77,100,149.99,0,5,5,9,19,69,0.41898148148148145
2079,100,45,1,1,5,10,19,80,4.364675925925926
12644,99.9,44.95,1,5,5,19,19,79,111.98556712962963
19045,99.9,59,1,2,5,5,18,46,80.56844907407407
20,100,175,0,4,5,13,18,79,8.239340277777778
313,100,27.75,1,3,5,18,18,74,2.025023148148148
1358,100,199.99,1,0,5,21,18,76,18.884386574074075
9112,99,100,1,3,5,10,18,76,30.33429398148148
172,100,55,0,4,5,15,18,52,8.108310185185186
10060,99.5,285.31,1,5,5,1,18,29,7.690613425925926
2,60,29.95,1,1,5,1,17,41,165.6805787037037
2,60,29.95,1,1,5,1,17,41,165.6805787037037
773,100,120,0,2,5,13,17,35,17.19087962962963
4682,100,99.99,0,2,5,11,17,66,17.266180555555554
3,100,29.99,0,5,5,0,17,76,7.722314814814815
48,98.5,17.16,1,0,5,6,17,79,89.47658564814814
48,98.5,17.16,1,0,5,6,17,79,89.47658564814814
11,100,55,0,5,5,12,17,77,7.206666666666667
21,100,145,0,1,5,19,17,52,3.9002199074074073
183,100,90,0,4,5,14,17,70,1.1045833333333333
925,100,99.99,0,1,5,22,17,79,297.72136574074074
0,0,79.99,0,6,5,22,16,38,61.77651620370371
1093,100,69.95,1,5,5,1,16,56,21.64175925925926
1034,99.3,34.65,0,6,5,12,16,25,6.154872685185185
45,100,26,0,6,5,13,15,22,6.088796296296296
13,100,39.99,1,2,5,22,15,79,16.690358796296298
214,100,150,1,5,5,14,15,79,56.02178240740741
425,99,115,0,4,5,19,15,28,0.8072916666666666
41,100,125,1,0,5,22,15,36,4.706041666666667
7514,100,420,1,2,5,9,15,69,24.223703703703702
174,100,34.83,1,0,5,11,15,80,250.0935763888889
174,100,34.83,1,0,5,11,15,80,250.0935763888889
175,100,39.99,1,3,5,10,15,80,338.2094212962963
175,100,39.85,1,3,5,10,15,79,338.2087037037037
175,100,39.99,1,3,5,10,15,80,338.2094212962963
175,100,39.85,1,3,5,10,15,79,338.2087037037037
405,100,469.99,1,2,5,20,14,75,2.7753819444444443
1352,99.2,149.99,1,0,5,18,14,41,11.818113425925926
21912,99.8,19.51,1,4,5,10,14,80,15.17162037037037
10941,99.9,24.95,1,3,5,14,14,79,30
160,98.4,100,0,4,5,16,14,42,0.8977662037037037
309,98.6,295,0,5,5,8,14,49,0.24722222222222223
771,98,31.34,1,1,5,8,14,79,1292.2295833333333
771,98,31.34,1,1,5,8,14,79,1292.2295833333333
9333,99.6,54.95,1,1,5,20,13,63,122.71108796296296
8,100,108,0,5,5,9,13,41,0.1979050925925926
0,0,90,0,4,5,10,13,36,8.15076388888889
5,100,85,1,4,5,22,13,50,0.6593287037037037
76,100,148,0,4,5,10,13,55,8.13625
24,100,180,0,2,5,21,13,41,16.666550925925925
964,100,184.99,0,4,5,14,13,45,14.95587962962963
4858,99.5,42.5,1,4,5,20,13,64,21.720960648148147
328,100,32.76,1,2,5,2,13,80,3.4555902777777776
4452,100,96,1,3,5,21,13,79,141.64453703703703
135,100,359.99,0,4,5,16,13,56,21.888136574074075
21,100,230,0,4,5,22,13,63,28.617453703703703
20,100,25.95,1,3,5,10,13,72,2.1157291666666667
627,94.4,100,0,1,5,20,13,30,3.6775
4167,98.6,18.45,1,6,5,11,12,79,209.0051736111111
4186,98.6,40.09,1,6,5,14,12,80,243.90641203703703
343,96.5,34.03,1,2,5,7,12,79,52.22953703703703
77,100,149.99,0,4,5,22,12,75,0.6095486111111111
366,96.5,25.59,1,2,5,5,12,78,17.304699074074072
37,100,30,0,2,5,13,12,33,9.951539351851851
450,100,135,1,6,5,21,12,80,26.645069444444445
4186,98.6,69.82,1,2,5,20,12,37,233.6220138888889
4186,98.6,33.74,1,6,5,14,12,80,243.88083333333333
59,100,54.8,0,0,5,15,12,80,46.86074074074074
56,97.1,90,0,1,5,17,12,75,3.7611458333333334
22,91.3,30,0,1,5,13,11,56,3.914537037037037
6,83.3,39.99,1,6,5,7,11,77,41.18353009259259
6,83.3,39.99,1,6,5,7,11,77,41.18353009259259
6,83.3,39.99,1,6,5,7,11,77,41.18353009259259
8806,100,7.89,1,1,5,18,11,77,101.73783564814815
4186,98.6,36.12,1,6,5,14,11,80,243.85288194444445
4186,98.6,48.05,1,2,5,20,11,78,233.5897337962963
41,100,6,0,5,5,23,11,64,153.49484953703703
148,99,2050,0,3,5,12,11,79,1.9363541666666666
3190,99.7,25,1,4,5,14,10,66,0.8639699074074074
663,97.1,39.9,1,6,5,1,10,80,580.3273379629629
780,100,59.95,1,4,5,13,10,38,28.884756944444444
12816,99.5,56.24,1,4,5,18,10,66,28.672337962962963
442,98.9,32,1,6,5,22,10,39,5.513564814814814
3,100,24.99,0,2,5,10,10,76,3
3,100,24.99,0,2,5,10,10,76,3
3,100,24.99,0,2,5,10,10,76,3
933,100,19.95,1,3,5,10,10,76,30
0,0,29.69,1,4,5,16,10,59,0.7579513888888889
0,100,49.89,1,2,5,2,10,58,17.327002314814816
0,0,29.69,1,4,5,15,9,58,0.7793171296296296
202,100,124.99,1,4,5,22,9,35,0.4681712962962963
55,92.9,170,0,0,5,9,9,31,33.02846064814815
0,100,70,0,2,5,4,9,60,17.18957175925926
4662,99.3,90,1,3,5,1,9,69,9.302835648148148
1618,98.8,85,1,6,5,15,8,37,19.67653935185185
1618,98.8,85,1,6,5,15,8,37,19.67653935185185
2,100,15.9,1,1,5,11,8,71,3.866597222222222
2,100,15.9,1,1,5,11,8,71,3.866597222222222
2,100,15.9,1,1,5,11,8,71,3.866597222222222
2,100,15.9,1,1,5,11,8,71,3.866597222222222
2,100,15.9,1,1,5,11,8,71,3.866597222222222
6,100,210,0,5,5,17,7,33,34.600023148148146
46,100,60,0,2,5,14,7,67,338.6906134259259
36965,99.5,78.04,1,6,5,12,7,45,117.79922453703703
36943,99.5,96.19,1,6,5,12,7,80,117.80114583333334
23,100,49.99,1,1,5,6,7,39,4.015752314814815
3158,99.6,433.16,1,3,5,12,6,52,190.75913194444445
3362,100,126.99,1,4,5,15,5,79,357.57175925925924
3379,100,98.1,1,4,5,16,5,65,357.5658912037037
0,100,49.99,1,4,5,3,5,69,8.059722222222222
0,100,49.99,1,4,5,3,5,69,8.059722222222222
2003,99.1,22.37,1,6,5,2,5,79,783.0871643518518
2003,99.1,22.37,1,6,5,2,5,79,783.0871643518518
18502,99.9,69.81,1,2,5,16,4,80,2.5224652777777776
20,100,25.95,1,3,5,10,4,70,1.770023148148148
37730,99.9,7.95,1,5,5,13,4,33,496.59942129629627
0,99.9,7.95,1,5,5,13,4,33,496.59942129629627
1962,100,28.95,1,0,5,23,3,77,11.201458333333333
291,100,25,1,3,5,3,3,77,30
134400,99.1,28.99,1,4,5,11,3,77,28.66929398148148
69,98.6,20,0,0,5,4,3,71,60.953287037037036
134400,99.1,23.99,1,3,5,11,3,79,29.65710648148148
134400,99.1,23.99,1,3,5,11,3,79,29.65710648148148
76,100,115,0,4,5,15,3,45,0.5127314814814815
323,100,110,0,1,5,12,3,61,31.614675925925926
344,97.8,32.99,1,4,5,12,3,77,294.56303240740743
344,97.8,32.99,1,4,5,12,3,77,294.56303240740743
306,99.6,47.95,0,4,5,11,2,79,0.6552430555555555
1380,100,195,1,0,5,11,2,71,298.58368055555553
238287,98.9,14.79,1,2,5,4,1,77,79.90694444444445
10,91.7,29.99,1,1,5,6,1,65,3.821550925925926
479,98.1,519,0,2,5,12,1,55,44.54894675925926
2,100,18.6,0,1,5,9,1,77,3.6613310185185184
416,99.3,13.79,1,5,5,19,1,78,356.2343402777778
416,99.3,13.85,1,0,5,6,1,77,144.7931712962963
416,99.3,13.85,1,0,5,6,1,77,144.7931712962963
2148,99.7,118,0,2,5,1,1,78,10.002245370370371
447,100,1288.4,1,2,5,1,1,62,10
25,96.4,125,0,4,5,16,0,33,0.33859953703703705
137,100,2500,0,1,5,15,0,74,3.365740740740741
7,100,153,0,6,5,12,0,37,19.52045138888889
301,100,18.49,0,4,5,17,0,80,70.2850462962963
9170,99.2,114.99,1,4,5,2,0,77,784.9153240740741
2019,100,17.99,0,3,5,9,0,77,22.61855324074074
21456,97.4,10.11,1,2,4,23,23,80,30
21456,97.4,10.11,1,2,4,23,23,80,30
21456,97.4,10.11,1,2,4,23,23,80,30
970,100,199,1,1,4,18,23,79,24.224143518518517
219,99.5,46.9,1,2,4,22,23,79,240
38612,97.7,11.99,1,5,4,21,22,70,300
38612,97.7,11.99,1,5,4,21,22,70,300
38612,97.7,11.99,1,5,4,21,22,70,300
7,100,120,1,2,4,21,22,79,240
100386,97.9,29.99,1,6,4,13,22,23,5.389293981481481
100386,97.9,29.99,1,6,4,13,22,23,5.389293981481481
0,0,29.49,1,4,4,15,22,51,0.30190972222222223
228,98.5,83,0,3,4,23,22,64,7.9756481481481485
226,99.6,24.99,0,1,4,14,22,80,45.33190972222222
27667,99.4,12.69,1,5,4,22,22,77,90
27667,99.4,12.69,1,5,4,22,22,77,90
27667,99.4,12.69,1,5,4,22,22,77,90
27667,99.4,12.69,1,5,4,22,22,77,90
27667,99.4,12.69,1,5,4,22,22,77,90
765,92.3,38.99,0,0,4,18,22,73,25.181527777777777
489573,99,22.97,1,3,4,18,22,75,8.16667824074074
18969,97.9,9.99,1,1,4,5,22,80,94.69428240740741
18969,97.9,9.99,1,1,4,5,22,80,94.69428240740741
18969,97.9,9.99,1,1,4,5,22,80,94.69428240740741
18969,97.9,9.99,1,1,4,5,22,80,94.69428240740741
2699,99.5,156.75,1,6,4,13,22,78,19.365972222222222
532,100,480,0,5,4,15,22,65,6.281134259259259
30665,99.7,78,1,3,4,12,22,77,267.3441898148148
41662,99.9,78,1,3,4,20,22,70,274.0378587962963
1414,100,150,1,5,4,22,22,80,1560
110,100,199.99,1,6,4,8,21,54,19.544016203703702
4,100,340,0,0,4,13,21,62,39.33939814814815
1566,100,19.1,0,2,4,7,21,81,2.5889583333333333
14,100,15.99,1,2,4,21,21,78,30
14,100,15.99,1,2,4,21,21,78,30
14,100,15.99,1,2,4,21,21,78,30
14,81.8,50.62,0,4,4,3,21,80,28.737118055555555
14,81.8,50.62,0,4,4,3,21,80,28.737118055555555
53352,98.8,10.89,1,6,4,21,21,80,180
53352,98.8,10.89,1,6,4,21,21,80,180
42,100,70,1,3,4,11,21,79,232.38375
14,100,45,0,1,4,13,21,51,24.34832175925926
130056,99.7,14.97,1,3,4,22,21,77,28.942465277777778
926,100,50,1,4,4,18,21,73,0.10820601851851852
0,100,68.5,1,2,4,0,21,69,2.8586689814814816
9635,97.7,10.3,1,6,4,15,21,78,145.24899305555556
9635,97.7,12.27,1,6,4,15,21,78,145.24899305555556
21,91.3,30,0,1,4,21,21,60,3.0049189814814814
1414,100,45.99,1,0,4,20,20,79,1530
204,99.5,34.78,1,1,4,18,20,66,150.06045138888888
26,95.5,158,0,1,4,12,20,56,108.32336805555556
697,100,25,0,3,4,22,20,72,0.9107638888888889
1441,100,129,1,6,4,16,20,61,180.15293981481483
0,0,162.75,0,0,4,7,19,75,32.530081018518516
22463,98,149,0,3,4,9,19,56,15.432326388888889
483,100,209,0,3,4,2,19,70,1.7066435185185185
1082,100,180,1,4,4,10,19,73,7.363726851851852
102,100,120,0,2,4,18,19,46,2.0564583333333335
964,100,34.99,0,1,4,19,19,78,2.992650462962963
578,100,500,0,1,4,10,19,42,220.2996875
797,96.7,4.95,1,0,4,23,18,80,262.7682291666667
797,96.7,4.99,1,0,4,23,18,80,262.7682291666667
797,96.7,4.99,1,0,4,23,18,80,262.7682291666667
797,96.7,4.99,1,0,4,23,18,80,262.7682291666667
797,96.7,4.99,1,0,4,23,18,80,262.7682291666667
797,96.7,4.99,1,0,4,23,18,80,262.7682291666667
797,96.7,4.99,1,0,4,23,18,80,262.7682291666667
797,96.7,4.99,1,0,4,23,18,80,262.7682291666667
544,100,1250,1,1,4,9,18,56,10.357141203703703
76,100,115,0,4,4,15,18,42,0.12591435185185185
20,100,25.95,1,3,4,10,18,70,1.3262847222222223
274,100,90,0,2,4,14,18,30,16.166412037037038
20,100,25.95,1,3,4,10,17,74,1.2860532407407408
8471,99.9,39.95,0,5,4,19,17,71,754.9285763888889
96,100,149,0,5,4,9,17,44,6.343391203703704
2640,100,149,1,2,4,5,17,70,93.48604166666667
2444,98.4,23.6,1,6,4,2,17,80,54.629953703703706
2,100,15.6,0,3,4,15,17,71,1.0613541666666666
2,100,15.6,0,3,4,15,17,71,1.0613541666666666
2,100,15.6,0,3,4,15,17,71,1.0613541666666666
2,100,15.6,0,3,4,15,17,71,1.0613541666666666
2,100,15.6,0,3,4,15,17,71,1.0613541666666666
1759,98.4,15.23,1,1,4,3,17,80,52.57398148148148
145860,99.6,44.99,1,3,4,18,17,77,49.96032407407407
145861,99.6,44.99,1,3,4,15,17,80,50.04527777777778
145860,99.6,54.99,1,3,4,17,17,72,49.961909722222224
145860,99.6,54.99,1,3,4,17,17,73,49.989641203703705
145860,99.6,44.99,1,3,4,18,17,78,49.94788194444445
10,100,140,0,5,4,23,17,53,5.718171296296297
2224,97.7,30.16,1,3,4,21,16,80,238.73783564814815
2110,97.7,48.41,1,3,4,21,16,70,238.74625
745,98.5,249.99,0,1,4,15,16,67,59.013321759259256
2163,97.7,39.18,1,4,4,16,16,72,139.9904050925926
1414,100,99.99,1,2,4,16,16,80,1080
19660,99.2,11.49,1,2,4,19,15,42,99.84362268518518
19660,99.2,11.49,1,2,4,19,15,42,99.84362268518518
2223,97.7,19.74,1,6,4,14,15,80,242.98586805555556
2223,97.7,45.21,1,4,4,17,15,75,272.8765162037037
2224,97.7,39.31,1,5,4,11,15,79,272.13663194444445
20,100,25.95,1,3,4,10,15,74,1.2206828703703703
1188,99.7,100,0,2,4,15,15,57,8.990266203703703
10355,99.9,75,1,3,4,17,15,64,308.87505787037037
626,100,19.99,0,3,4,21,15,50,14.742685185185184
1073,100,17.99,1,0,4,21,15,79,3.7419560185185183
311,99.7,50,1,5,4,13,15,74,307.03836805555557
16644,99.7,22,1,2,4,14,14,57,30
114,100,8.99,0,3,4,11,14,43,15.11824074074074
89,98.7,54.99,0,5,4,12,14,27,76.10445601851852
15629,98.3,20,0,1,4,21,14,57,16.691643518518518
734,100,72.05,1,2,4,14,14,72,30
3529,100,27.98,0,5,4,17,14,80,19.84552083333333
7,100,30.99,1,2,4,9,13,78,240.15864583333334
7,100,30.99,1,2,4,9,13,78,240.15864583333334
7,100,30.99,1,2,4,9,13,78,240.15864583333334
43,100,430,0,2,4,14,13,27,8.95701388888889
381,100,120,0,5,4,0,13,58,41.553587962962965
184,99.4,39.99,1,2,4,13,13,76,30
184,99.4,39.99,1,2,4,13,13,76,30
1414,100,110,1,5,4,13,13,79,1560
2498,100,398,0,1,4,21,13,64,2.654398148148148
63,97.5,14.99,1,0,4,6,13,76,4.278125
63,97.5,14.99,1,0,4,6,13,76,4.278125
63,97.5,14.99,1,0,4,6,13,76,4.278125
63,97.5,14.99,1,0,4,6,13,76,4.278125
1,0,285,0,4,4,9,12,26,0.15347222222222223
5812,99.8,168,1,3,4,10,12,70,330.0289814814815
247,100,225,0,6,4,11,12,78,12.0575
22,100,69.99,0,0,4,22,12,74,24.577997685185185
186,99.5,10.5,1,4,4,10,12,80,0.05258101851851852
60,100,95,1,2,4,14,12,74,15.9090625
1414,100,119.99,1,5,4,11,11,77,1560
12,100,30,0,3,4,22,11,77,28.529710648148146
3,100,26.3,1,6,4,8,11,71,5.124074074074074
3,100,26.3,1,6,4,8,11,71,5.124074074074074
3,100,26.3,1,6,4,8,11,71,5.124074074074074
3,100,26.3,1,6,4,8,11,71,5.124074074074074
1194,100,129,0,4,4,16,10,75,195.76618055555556
5,100,95,1,3,4,23,10,50,0.49528935185185186
178,96.9,33.97,1,2,4,14,10,80,120.83841435185185
285,100,180,0,1,4,11,10,42,16.95888888888889
1814,100,189.95,0,1,4,8,10,78,3.069803240740741
62,91.7,187.99,0,0,4,12,9,66,38.88229166666667
883,100,35,0,6,4,12,9,76,18.85681712962963
6747,100,465.07,1,4,4,10,9,41,594.9151736111111
264454,99.6,42.99,1,5,4,10,9,72,194.94587962962962
185,94.1,77.77,1,4,4,8,9,75,678.9617824074074
185,94.1,77.77,1,4,4,8,9,75,678.9617824074074
673,100,235,0,2,4,19,8,67,1.5391087962962964
408,100,170,1,3,4,12,8,31,35.84809027777778
408,100,170,1,3,4,12,8,31,35.84809027777778
2632,100,179.1,1,1,4,13,8,72,30.781122685185185
13760,99.7,189.99,1,4,4,12,7,71,265.7646759259259
13760,99.7,189.99,1,4,4,12,7,71,265.7646759259259
13760,99.7,189.99,1,4,4,12,7,71,265.7646759259259
48,100,29.5,1,0,4,5,7,73,67.06831018518518
48,100,29.5,1,0,4,5,7,73,67.06831018518518
48,100,29.5,1,0,4,5,7,73,67.06831018518518
176,100,27.99,1,5,4,10,7,76,89.88221064814815
176,100,27.99,1,5,4,10,7,76,89.88221064814815
129,98.6,12.66,1,0,4,4,6,82,18.099027777777778
129,98.6,13.69,1,0,4,4,6,77,18.09865740740741
3,100,88,0,4,4,9,6,37,6.909363425925926
2743,99.6,100.99,1,1,4,4,6,77,129.06412037037038
5781,99.8,179.99,1,2,4,6,6,79,30
1045,99.6,12.08,1,4,4,6,6,77,420
1045,99.6,12.08,1,4,4,6,6,77,420
55509,98.7,10.48,1,1,4,6,5,75,100.9797337962963
55509,98.7,10.48,1,1,4,6,5,75,100.9797337962963
6285,98.4,26.49,1,4,4,6,5,80,27.973761574074075
1860,100,14.99,0,0,4,15,5,47,10.595543981481482
516,98.8,35.99,1,5,4,10,5,80,509.8033564814815
516,98.8,35.99,1,5,4,10,5,80,509.8033564814815
0,98.8,39.99,1,5,4,10,5,80,509.8033564814815
0,98.8,35.99,1,5,4,10,5,80,509.8033564814815
0,98.8,39.99,1,5,4,10,5,80,509.8033564814815
13,100,9.99,1,2,4,19,5,77,1.3988541666666667
461,99.5,16.99,1,2,4,5,5,79,30
461,99.5,16.99,1,2,4,5,5,79,30
69445,98,9.6,1,2,4,3,5,78,23.077349537037037
69445,98,9.6,1,2,4,3,5,78,23.077349537037037
11584,99.7,26.99,1,4,4,21,4,79,713.3300810185185
237,99.6,11.99,1,3,4,22,4,79,84.26122685185184
237,99.6,12.92,1,3,4,22,4,79,84.26122685185184
237,99.6,11.99,1,3,4,22,4,79,84.26122685185184
237,99.6,12.92,1,3,4,22,4,79,84.26122685185184
237,99.6,12.92,1,3,4,22,4,79,84.26122685185184
22,91.3,30,0,1,4,17,4,55,2.4369791666666667
16343,97.6,14.59,1,3,4,2,3,79,29.057731481481483
16343,97.6,14.59,1,3,4,2,3,79,29.057731481481483
16343,97.6,14.59,1,3,4,2,3,79,29.057731481481483
16343,97.6,14.59,1,3,4,2,3,79,29.057731481481483
22826,97.1,2.99,1,5,4,2,3,79,300
22826,97.1,2.99,1,5,4,2,3,79,300
22826,97.1,2.99,1,5,4,2,3,79,300
22826,97.1,2.99,1,5,4,2,3,79,300
22826,97.1,2.99,1,5,4,2,3,79,300
22826,97.1,2.99,1,5,4,2,3,79,300
637,98.8,18.99,1,4,4,3,3,79,7
637,98.8,18.99,1,4,4,3,3,79,7
637,98.8,18.99,1,4,4,3,3,79,7
124109,99.6,19.18,1,5,4,9,3,62,117.753125
124109,99.6,23.98,1,5,4,9,3,62,117.753125
515,100,299.99,1,2,4,22,3,64,22.211354166666666
390836,99.8,56.88,1,2,4,18,2,80,127.33939814814815
391415,99.8,32.46,1,0,4,23,2,80,122.11827546296297
390811,99.8,22.65,1,0,4,23,2,80,122.11521990740741
391226,99.8,24.75,1,3,4,2,2,74,525.9772337962963
390469,99.8,29.88,1,2,4,18,2,80,127.33947916666666
390728,99.8,36.98,1,2,4,19,2,80,127.27741898148147
391184,99.8,37.87,1,5,4,4,2,80,789.8964930555555
390772,99.8,18.12,1,2,4,18,2,79,127.33761574074074
390893,99.8,18.98,1,3,4,1,2,74,568.0147916666666
0,0,195,0,6,4,10,2,31,4.654976851851852
943,100,34.99,1,6,4,6,2,75,74.82876157407408
555,100,69.99,0,3,4,21,1,34,56.18805555555556
953,100,29.99,1,2,4,1,1,67,30
481,99.4,120,0,1,4,22,1,80,2.1499652777777776
6794,99.3,35.28,1,1,4,5,1,68,100.8450462962963
3088,99.2,26.46,1,5,4,13,1,80,26.500833333333333
5,100,90,0,1,4,16,1,31,9.358136574074074
603,100,100,0,2,4,23,0,70,1.037962962962963
980,98.1,59.99,1,1,4,10,0,75,9.580914351851852
107,100,16.99,0,1,4,14,0,70,9.416608796296297
0,0,110,0,1,4,13,0,47,2.449965277777778
732,100,39.99,0,3,4,20,0,79,0.16336805555555556
1032,99.7,36.99,1,6,4,4,0,55,11.827847222222223
1032,99.7,36.99,1,6,4,4,0,55,11.827847222222223
40,100,90,0,3,4,19,0,80,7.207858796296296
205,100,39.99,1,2,4,10,0,32,29.583171296296296
14187,99.6,35,1,5,4,14,0,78,264.3603125
24047,99.8,24.88,1,2,4,0,0,79,30
101674,98.2,32.72,1,1,4,23,0,80,240
645,100,495,1,4,3,15,23,59,13.336782407407407
1414,100,150.99,1,1,3,23,23,77,1080
24047,99.8,24.88,1,1,3,23,23,73,30
1277,100,819.99,0,6,3,19,23,77,11.156527777777777
71,100,29.99,0,5,3,21,23,48,19.079872685185187
142,100,160.05,1,2,3,11,23,79,29.48005787037037
62,100,375,0,1,3,15,23,47,9.333113425925927
20,100,20,1,3,3,10,23,75,0.53375
815,98.3,26.68,1,4,3,12,23,66,419.4719328703704
490324,99,12.97,1,2,3,21,23,75,1.0764699074074073
848,99,71,1,5,3,2,23,82,439.86082175925924
455,98.4,99.99,1,3,3,22,23,80,497.03349537037036
123,97.8,9.09,1,5,3,22,22,78,180
123,97.8,9.09,1,5,3,22,22,78,180
123,97.8,9.09,1,5,3,22,22,78,180
123,97.8,9.09,1,5,3,22,22,78,180
123,97.8,9.09,1,5,3,22,22,78,180
30,100,95,0,2,3,9,22,44,8.543009259259259
1364,100,99.99,1,1,3,22,22,64,30
20,100,20,1,3,3,9,22,56,0.5332870370370371
439,99.7,24.99,1,2,3,11,22,80,8.476944444444445
914,100,175,0,4,3,11,22,77,62.46076388888889
69,100,20,0,3,3,8,22,79,0.5687731481481482
6383,99.3,55,1,5,3,10,22,59,936.4668981481482
17,100,815,0,5,3,1,22,56,5.849918981481482
1414,100,109.99,1,1,3,22,22,80,1080
116,100,185,0,3,3,12,22,37,21.411099537037035
750,99.3,14.99,1,0,3,4,22,78,696.7035416666666
750,99.3,14.99,1,0,3,4,22,78,696.7035416666666
750,99.3,14.99,1,0,3,4,22,78,696.7035416666666
137,100,399.99,0,2,3,23,21,43,0.9194328703703704
43941,99.8,18.99,1,2,3,0,21,51,204.8741435185185
1084,100,159.97,0,5,3,21,21,75,26.017152777777778
14,100,23.5,0,4,3,9,21,71,6.499050925925926
14,100,23.5,0,4,3,9,21,71,6.499050925925926
14,100,23.5,0,4,3,9,21,71,6.499050925925926
14,100,23.5,0,4,3,9,21,71,6.499050925925926
14,100,23.5,0,4,3,9,21,71,6.499050925925926
7972,98.5,3.73,1,4,3,17,21,79,41.139467592592595
7972,98.5,3.73,1,4,3,17,21,79,41.139467592592595
1228,100,84.99,0,5,3,15,21,50,89.22255787037037
20,100,25.95,1,3,3,10,20,66,0.44591435185185185
76,100,185,0,3,3,15,20,41,0.22126157407407407
1393,100,29.95,1,5,3,3,20,80,40.7100462962963
1414,100,69.99,1,5,3,20,20,80,180
0,0,25,0,2,3,13,20,64,1.3071064814814815
69,96,54.99,0,0,3,20,20,80,150
69,96,54.99,0,0,3,20,20,80,150
69,96,54.99,0,0,3,20,20,80,150
22,100,155,0,2,3,6,20,80,1.5771875
2204,100,34.99,0,2,3,12,19,37,1.3039236111111112
5666,100,124.99,1,3,3,14,19,60,0.20034722222222223
431,76.5,16.71,1,1,3,13,19,80,107.24778935185185
3053,98.8,190,0,1,3,23,19,46,1.8143055555555556
16,84,20.59,1,3,3,18,19,76,210
16,84,27.99,1,3,3,18,19,76,210
86,98.9,350,0,3,3,18,18,77,0.013275462962962963
13802,99.9,56.78,1,2,3,19,18,70,133.9821875
13,100,180,0,2,3,12,18,48,1.2637847222222223
0,0,29.97,1,3,3,16,18,59,0.07796296296296296
310,100,28.4,0,5,3,14,18,80,61.151608796296294
573,100,135,0,4,3,3,18,26,13.596041666666666
22680,98.1,13.99,1,4,3,2,17,80,139.64920138888888
22680,98.1,13.99,1,4,3,2,17,80,139.64920138888888
119,100,30,0,2,3,23,17,36,0.7499074074074074
